date,days_out,on_books,ly_date,ly_on_books,ly_final,capacity,signal
2026-10-01,0,6,2025-10-02,6,6,8,ON
2026-10-02,1,5,2025-10-03,4,4,8,AHEAD
2026-10-03,2,5,2025-10-04,3,3,8,AHEAD
2026-10-04,3,6,2025-10-05,3,3,8,AHEAD
2026-10-05,4,4,2025-10-06,3,3,8,AHEAD
2026-10-06,5,4,2025-10-07,4,4,8,ON
2026-10-07,6,3,2025-10-08,2,3,8,AHEAD
2026-10-08,7,4,2025-10-09,2,3,8,AHEAD
2026-10-09,8,3,2025-10-10,3,4,8,ON
2026-10-10,9,6,2025-10-11,3,4,8,AHEAD
2026-10-11,10,3,2025-10-12,3,5,8,ON
2026-10-12,11,3,2025-10-13,1,5,8,AHEAD
2026-10-13,12,4,2025-10-14,1,5,8,AHEAD
2026-10-14,13,3,2025-10-15,1,2,8,AHEAD
2026-10-15,14,5,2025-10-16,4,5,8,AHEAD
2026-10-16,15,5,2025-10-17,4,6,8,AHEAD
2026-10-17,16,3,2025-10-18,4,6,8,WATCH
2026-10-18,17,2,2025-10-19,1,4,8,AHEAD
2026-10-19,18,1,2025-10-20,0,4,8,AHEAD
2026-10-20,19,2,2025-10-21,0,4,8,AHEAD
2026-10-21,20,4,2025-10-22,1,3,8,AHEAD
2026-10-22,21,4,2025-10-23,0,2,8,AHEAD
2026-10-23,22,3,2025-10-24,0,4,8,AHEAD
2026-10-24,23,4,2025-10-25,0,4,8,AHEAD
2026-10-25,24,1,2025-10-26,3,6,8,BEHIND
2026-10-26,25,3,2025-10-27,3,7,8,ON
2026-10-27,26,1,2025-10-28,1,6,8,ON
2026-10-28,27,0,2025-10-29,0,3,8,ON
2026-10-29,28,0,2025-10-30,0,2,8,ON
2026-10-30,29,2,2025-10-31,1,5,8,AHEAD
2026-10-31,30,2,2025-11-01,1,6,8,AHEAD
2026-11-01,31,0,2025-11-02,1,4,8,BEHIND
2026-11-02,32,0,2025-11-03,0,3,8,ON
2026-11-03,33,1,2025-11-04,0,2,8,AHEAD
2026-11-04,34,1,2025-11-05,0,3,8,AHEAD
2026-11-05,35,1,2025-11-06,1,5,8,ON
2026-11-06,36,2,2025-11-07,1,5,8,AHEAD
2026-11-07,37,2,2025-11-08,1,6,8,AHEAD
2026-11-08,38,2,2025-11-09,1,5,8,AHEAD
2026-11-09,39,0,2025-11-10,2,4,8,BEHIND
2026-11-10,40,1,2025-11-11,3,4,8,BEHIND
2026-11-11,41,0,2025-11-12,3,3,8,BEHIND
2026-11-12,42,1,2025-11-13,2,3,8,BEHIND
2026-11-13,43,1,2025-11-14,1,3,8,ON
2026-11-14,44,1,2025-11-15,1,3,8,ON
2026-11-15,45,1,2025-11-16,0,5,8,AHEAD
2026-11-16,46,1,2025-11-17,0,4,8,AHEAD
2026-11-17,47,0,2025-11-18,1,3,8,BEHIND
2026-11-18,48,1,2025-11-19,2,4,8,BEHIND
2026-11-19,49,0,2025-11-20,2,4,8,BEHIND
2026-11-20,50,0,2025-11-21,1,5,8,BEHIND
2026-11-21,51,0,2025-11-22,1,6,8,BEHIND
2026-11-22,52,0,2025-11-23,0,5,8,ON
2026-11-23,53,0,2025-11-24,0,3,8,ON
2026-11-24,54,0,2025-11-25,0,3,8,ON
2026-11-25,55,2,2025-11-26,0,4,8,AHEAD
2026-11-26,56,0,2025-11-27,0,2,8,ON
2026-11-27,57,0,2025-11-28,0,4,8,ON
2026-11-28,58,0,2025-11-29,0,4,8,ON
2026-11-29,59,0,2025-11-30,0,3,8,ON
2026-11-30,60,0,2025-12-01,0,1,8,ON
2026-12-01,61,0,2025-12-02,0,2,8,ON
2026-12-02,62,0,2025-12-03,1,2,8,BEHIND
2026-12-03,63,1,2025-12-04,1,3,8,ON
2026-12-04,64,1,2025-12-05,0,3,8,AHEAD
2026-12-05,65,0,2025-12-06,1,4,8,BEHIND
2026-12-06,66,0,2025-12-07,0,3,8,ON
2026-12-07,67,1,2025-12-08,0,2,8,AHEAD
2026-12-08,68,0,2025-12-09,1,4,8,BEHIND
2026-12-09,69,0,2025-12-10,2,5,8,BEHIND
2026-12-10,70,1,2025-12-11,0,3,8,AHEAD
2026-12-11,71,2,2025-12-12,0,2,8,AHEAD
2026-12-12,72,1,2025-12-13,0,3,8,AHEAD
2026-12-13,73,1,2025-12-14,1,4,8,ON
2026-12-14,74,1,2025-12-15,1,5,8,ON
2026-12-15,75,1,2025-12-16,2,5,8,BEHIND
2026-12-16,76,1,2025-12-17,3,5,8,BEHIND
2026-12-17,77,1,2025-12-18,3,5,8,BEHIND
2026-12-18,78,2,2025-12-19,2,6,8,ON
2026-12-19,79,1,2025-12-20,2,7,8,BEHIND
2026-12-20,80,1,2025-12-21,1,5,8,ON
2026-12-21,81,1,2025-12-22,1,4,8,ON
2026-12-22,82,1,2025-12-23,1,3,8,ON
2026-12-23,83,0,2025-12-24,1,3,8,BEHIND
2026-12-24,84,0,2025-12-25,1,3,8,BEHIND
2026-12-25,85,0,2025-12-26,2,6,8,BEHIND
2026-12-26,86,0,2025-12-27,2,6,8,BEHIND
2026-12-27,87,0,2025-12-28,0,4,8,ON
2026-12-28,88,0,2025-12-29,0,4,8,ON
2026-12-29,89,0,2025-12-30,0,2,8,ON
