conf_no,state,Unit,Category,Arrival,Departure,Created,Source,Total Price (incl. tax),Pax
10111,CANX,Aspen,Cabin,2024-12-09,2024-12-10,2024-12-04 00:00,Airbnb,143.57,2
10760,OK,Summit,Lodge,2025-12-27,2025-12-29,2025-12-22 00:00,Airbnb,614.03,3
10763,OK,Birch,Cabin,2025-12-30,2025-12-31,2025-12-28 00:00,vrbo,129.32,4
10480,OK,Summit,Lodge,2025-07-24,2025-07-27,2025-03-07 00:00,Vrbo,1707.89,5
10932,OK,Cedar,Cabin,2026-04-25,2026-04-27,2026-04-21 00:00,Website,507.11,1
10518,OK,Summit,Lodge,2025-08-08,2025-08-10,2025-07-27 00:00,vrbo,1332.02,3
10184,OK,Ridge,Lodge,2025-02-12,2025-02-13,2025-02-05 00:00,Phone,198.64,3
10824,OK,Summit,Lodge,2026-02-15,2026-02-16,2026-02-07 00:00,airbnb,189.39,5
10396,CANX,Ridge,Lodge,2025-06-20,2025-06-23,2025-05-22 00:00,vrbo,2051.55,4
10745,OK,Aspen,Cabin,2025-12-18,2025-12-19,2025-09-08 00:00,Airbnb,167.94,2
11020,OK,Aspen,Cabin,2026-06-08,2026-06-10,2026-06-02 00:00,website,609.62,1
11173,OK,Birch,Cabin,2026-08-11,2026-08-14,2026-07-25 00:00,phone,856.63,3
10032,OK,Summit,Lodge,2024-10-17,2024-10-20,2024-09-27 00:00,website,1104.23,1
10547,OK,Cedar,Cabin,2025-08-23,2025-08-26,2025-05-29 00:00,website,1320.35,2
11012,OK,Birch,Cabin,2026-06-05,2026-06-08,2026-06-02 00:00,vrbo,1559.68,4
11266,OK,Summit,Lodge,2026-09-19,2026-09-23,2026-09-18 00:00,vrbo,1607.24,5
10912,OK,Ridge,Lodge,2026-04-13,2026-04-17,2026-04-11 00:00,website,1362.28,5
10232,OK,Summit,Lodge,2025-04-04,,2025-03-24 00:00,airbnb,951.35,2
10121,OK,Summit,Lodge,2024-12-20,2024-12-25,2024-07-12 00:00,phone,1599.7,4
10650,OK,Aspen,Cabin,2025-10-12,2025-10-14,2025-10-02 00:00,Airbnb,445.89,1
10300,OK,Ridge,Lodge,2025-05-10,2025-05-15,2025-04-22 00:00,vrbo,2373.34,1
10909,OK,Birch,Cabin,2026-04-12,2026-04-13,2026-03-19 00:00,Airbnb,235.41,4
10328,OK,Cedar,Cabin,2025-05-26,2025-05-27,2025-05-23 00:00,Vrbo,218.22,1
11308,OK,Cedar,Cabin,2026-10-14,2026-10-16,2026-08-05 00:00,airbnb,344.98,3
11083,OK,Summit,Lodge,2026-07-05,2026-07-10,2026-05-28 00:00,airbnb,1885.3,4
11107,OK,Summit,Lodge,2026-07-15,2026-07-16,2026-03-24 00:00,airbnb,442.64,5
10549,OK,Aspen,Cabin,2025-08-24,2025-08-26,2025-07-18 00:00,Vrbo,650.5,4
11142,OK,Cedar,Cabin,2026-07-28,2026-07-31,2026-07-04 00:00,airbnb,814.53,4
10927,OK,Birch,Cabin,2026-04-21,2026-04-24,2026-03-24 00:00,Airbnb,551.78,4
10443,OK,Ridge,Lodge,2025-07-09,2025-07-13,2025-05-13 00:00,Airbnb,1469.48,3
10329,OK,Cedar,Cabin,2025-05-27,2025-05-29,2025-04-24 00:00,website,361.29,5
10182,OK,Ridge,Lodge,2025-02-06,2025-02-08,2025-02-04 00:00,website,479.54,5
10526,OK,Birch,Cabin,2025-08-13,2025-08-15,2025-07-14 00:00,website,517.71,4
10082,OK,Birch,Cabin,2024-11-13,2024-11-15,2024-11-09 00:00,Website,311.45,5
10507,OK,Cedar,Cabin,2025-08-05,2025-08-08,2025-03-06 00:00,airbnb,792.02,3
10337,OK,Aspen,Cabin,2025-05-31,2025-06-01,2025-05-25 00:00,website,259.16,3
10179,OK,Aspen,Cabin,2025-02-05,2025-02-07,2024-09-03 00:00,Airbnb,315.35,5
11310,OK,Cedar,Cabin,2026-10-16,2026-10-19,2026-07-23 00:00,airbnb,955.45,5
10967,OK,Cedar,Cabin,2026-05-15,2026-05-16,2026-05-09 00:00,phone,308.24,1
10214,OK,Cedar,Cabin,2025-03-20,2025-03-21,2025-03-08 00:00,airbnb,187.99,3
10220,CANX,Birch,Cabin,2025-03-24,2025-03-26,2025-03-22 00:00,website,288.4,3
10233,OK,Birch,Cabin,2025-04-05,2025-04-08,2024-11-10 00:00,Website,889.39,3
10258,OK,Ridge,Lodge,2025-04-19,2025-04-21,2025-04-17 00:00,phone,770.04,4
10476,OK,Cedar,Cabin,2025-07-22,2025-07-25,2025-06-24 00:00,airbnb,837.82,5
10962,OK,Birch,Cabin,2026-05-12,2026-05-16,2025-11-18 00:00,airbnb,704.79,4
10487,OK,Cedar,Cabin,2025-07-27,2025-07-30,2025-03-05 00:00,website,925.04,4
10830,OK,Aspen,Cabin,2026-02-19,2026-02-24,2026-02-17 00:00,Phone,807.52,3
10077,OK,Ridge,Lodge,2024-11-10,2024-11-12,2024-10-31 00:00,airbnb,443.25,2
10865,CANX,Ridge,Lodge,2026-03-20,2026-03-21,2026-03-18 00:00,vrbo,360.05,4
10099,OK,Ridge,Lodge,2024-11-30,2024-12-02,2024-11-08 00:00,airbnb,586.54,4
10046,OK,Birch,Cabin,2024-10-24,2024-10-26,2024-09-28 00:00,phone,482.25,1
10794,OK,Cedar,Cabin,2026-01-26,2026-01-29,2026-01-21 00:00,website,445.13,4
10683,OK,Summit,Lodge,2025-10-26,2025-10-27,2025-06-26 00:00,airbnb,264.63,3
11103,OK,Cedar,Cabin,2026-07-14,2026-07-15,2026-07-01 00:00,vrbo,296.09,1
10795,OK,Birch,Cabin,2026-01-27,2026-01-29,2026-01-15 00:00,vrbo,251.1,5
10419,OK,Birch,Cabin,2025-07-01,2025-07-04,2025-06-25 00:00,airbnb,785.03,2
10671,OK,Cedar,Cabin,2025-10-20,2025-10-25,2025-09-30 00:00,website,1017.86,1
11181,OK,Birch,Cabin,2026-08-14,2026-08-17,2026-08-10 00:00,phone,1423.26,3
10501,OK,Aspen,Cabin,2025-08-02,2025-08-06,2025-07-23 00:00,airbnb,1745.54,2
10800,OK,Aspen,Cabin,2026-01-31,2026-02-03,2026-01-21 00:00,airbnb,685.07,1
11032,OK,Cedar,Cabin,2026-06-14,2026-06-15,2026-06-08 00:00,airbnb,298.72,4
11105,OK,Aspen,Cabin,2026-07-15,2026-07-17,2026-06-20 00:00,airbnb,629.87,2
10326,OK,Cedar,Cabin,2025-05-24,2025-05-25,2025-04-30 00:00,airbnb,288.84,5
10652,OK,Birch,Cabin,2025-10-13,2025-10-14,2025-07-27 00:00,vrbo,193.29,2
10489,OK,Aspen,Cabin,2025-07-28,2025-07-31,2025-07-15 00:00,website,849.27,4
10903,OK,Cedar,Cabin,2026-04-08,2026-04-12,2026-04-01 00:00,website,827.01,2
10216,OK,Summit,Lodge,2025-03-21,2025-03-25,2025-03-11 00:00,airbnb,1166.64,1
10313,OK,Aspen,Cabin,2025-05-17,2025-05-19,2025-05-07 00:00,website,626.71,4
11068,OK,Summit,Lodge,2026-06-29,2026-06-30,2026-06-03 00:00,phone,416.01,4
10656,CANX,Summit,Lodge,2025-10-14,2025-10-17,2025-10-03 00:00,airbnb,726.23,5
10537,OK,Summit,Lodge,2025-08-20,2025-08-23,2025-08-12 00:00,website,1122.24,5
10948,OK,Birch,Cabin,2026-05-04,2026-05-06,2026-04-02 00:00,phone,431.2,5
11268,OK,Aspen,Cabin,2026-09-21,2026-09-24,2026-08-08 00:00,airbnb,493.35,2
10074,OK,Birch,Cabin,2024-11-09,2024-11-11,2024-11-01 00:00,airbnb,371.84,3
10202,OK,Birch,Cabin,2025-03-09,2025-03-10,2025-03-06 00:00,phone,163.78,3
10160,OK,Birch,Cabin,2025-01-18,2025-01-19,2024-09-15 00:00,airbnb,209.73,5
10127,OK,Cedar,Cabin,2024-12-25,2024-12-27,2024-12-21 00:00,website,284.19,5
10812,OK,Aspen,Cabin,2026-02-07,2026-02-09,2026-02-06 00:00,airbnb,480.3,1
10835,OK,Summit,Lodge,2026-02-21,2026-02-26,2026-01-30 00:00,vrbo,1547.45,2
11253,OK,Birch,Cabin,2026-09-13,2026-09-14,2026-03-27 00:00,website,219.4,1
11280,OK,Summit,Lodge,2026-09-27,2026-09-30,2026-09-05 00:00,website,989.02,5
10660,OK,Aspen,Cabin,2025-10-17,2025-10-21,2025-10-06 00:00,website,1222.91,1
10793,OK,Ridge,Lodge,2026-01-25,2026-01-27,2026-01-23 00:00,airbnb,394.84,4
10777,OK,Birch,Cabin,2026-01-10,2026-01-11,2025-07-25 00:00,phone,230.99,3
10790,OK,Ridge,Lodge,2026-01-23,2026-01-24,2026-01-20 00:00,airbnb,346.08,2
10728,OK,Ridge,Lodge,2025-12-07,2025-12-09,2025-12-01 00:00,phone,408.98,3
10498,OK,Summit,Lodge,2025-07-31,2025-08-02,2025-02-28 00:00,airbnb,992.99,2
11248,OK,Birch,Cabin,2026-09-11,2026-09-13,2026-03-25 00:00,Airbnb,613.85,3
10979,OK,Aspen,Cabin,2026-05-22,2026-05-23,2026-01-13 00:00,airbnb,333.31,4
10357,OK,Aspen,Cabin,2025-06-08,2025-06-11,2025-01-30 00:00,Website,937.64,5
11010,OK,Cedar,Cabin,2026-06-04,2026-06-06,2026-05-05 00:00,vrbo,745.81,3
11066,OK,Ridge,Lodge,2026-06-28,2026-07-01,2026-06-11 00:00,website,1287.05,5
10761,OK,Ridge,Lodge,2025-12-28,2025-12-29,2025-12-12 00:00,website,230.01,4
11172,OK,Aspen,Cabin,2026-08-11,2026-08-16,2026-05-30 00:00,website,1403.58,1
10238,OK,Ridge,Lodge,2025-04-08,2025-04-09,2025-01-07 00:00,Airbnb,216.05,2
10306,OK,Summit,Lodge,2025-05-12,2025-05-16,2025-05-12 00:00,phone,804.56,3
10965,OK,Summit,Lodge,2026-05-14,2026-05-17,2026-05-10 00:00,Vrbo,954.88,4
10102,OK,Cedar,Cabin,2024-12-04,2024-12-08,2024-07-30 00:00,Airbnb,513.99,1
10928,OK,Ridge,Lodge,2026-04-22,2026-04-24,2026-04-21 00:00,airbnb,498.2,1
10437,OK,Birch,Cabin,2025-07-07,2025-07-08,2025-01-21 00:00,airbnb,296.9,3
10343,OK,Ridge,Lodge,2025-06-01,2025-06-05,2025-05-14 00:00,airbnb,1716.42,2
11039,OK,Birch,Cabin,2026-06-18,2026-06-20,2026-02-25 00:00,airbnb,756.76,2
10545,OK,Ridge,Lodge,2025-08-22,2025-08-25,2025-07-08 00:00,airbnb,2102.49,3
10256,CANX,Summit,Lodge,2025-04-18,2025-04-19,2025-03-30 00:00,Website,452.93,1
10290,OK,Cedar,Cabin,2025-05-05,2025-05-09,2025-03-10 00:00,airbnb,819.84,3
11188,OK,Cedar,Cabin,2026-08-17,2026-08-16,2026-08-01 00:00,website,381.28,4
10381,OK,Aspen,Cabin,2025-06-16,2025-06-17,2025-05-30 00:00,Vrbo,285.72,4
10215,OK,Birch,Cabin,2025-03-21,2025-03-24,2025-03-14 00:00,airbnb,624.56,4
11226,OK,Cedar,Cabin,2026-08-31,2026-09-01,2026-07-12 00:00,vrbo,250.85,2
10712,OK,Birch,Cabin,2025-11-20,2025-11-21,2025-10-02 00:00,airbnb,166.88,1
10001,OK,Birch,Cabin,2024-10-01,2024-10-03,2024-07-31 00:00,airbnb,393.08,2
10307,OK,Cedar,Cabin,2025-05-14,2025-05-18,2025-05-06 00:00,airbnb,761.29,1
10587,OK,Birch,Cabin,2025-09-11,2025-09-12,2025-06-12 00:00,airbnb,238.18,5
10955,OK,Summit,Lodge,2026-05-08,2026-05-09,2025-12-03 00:00,phone,456.48,3
11297,OK,Aspen,Cabin,2026-10-05,2026-10-08,2026-09-21 00:00,airbnb,588.2,3
10934,OK,Aspen,Cabin,2026-04-26,2026-04-28,2025-11-26 00:00,Airbnb,430.26,3
10531,OK,Birch,Cabin,2025-08-15,2025-08-18,2025-07-06 00:00,airbnb,1153.52,3
10770,OK,Birch,Cabin,2026-01-04,2026-01-07,2025-12-18 00:00,Website,416.24,3
10726,OK,Summit,Lodge,2025-12-06,2025-12-11,2025-11-24 00:00,website,1632.85,4
10231,OK,Cedar,Cabin,2025-04-04,2025-04-05,2025-03-29 00:00,vrbo,269.0,2
10858,OK,Aspen,Cabin,2026-03-18,2026-03-20,2026-03-15 00:00,airbnb,274.78,1
10503,OK,Summit,Lodge,2025-08-02,2025-08-04,2025-07-29 00:00,airbnb,1260.49,4
11273,OK,Ridge,Lodge,2026-09-22,2026-09-25,2026-08-24 00:00,Airbnb,1025.54,2
10458,OK,Aspen,Cabin,2025-07-15,2025-07-16,2025-05-01 00:00,vrbo,283.98,4
10855,OK,Ridge,Lodge,2026-03-15,2026-03-17,2026-02-28 00:00,Airbnb,384.47,2
11064,OK,Cedar,Cabin,2026-06-28,2026-07-01,2026-05-25 00:00,airbnb,738.56,2
11325,OK,Summit,Lodge,2026-11-27,2026-11-29,2026-07-11 00:00,website,565.49,4
11259,OK,Cedar,Cabin,2026-09-16,2026-09-19,2026-07-30 00:00,Airbnb,550.07,1
10559,OK,Birch,Cabin,2025-08-28,2025-08-31,2025-08-24 00:00,airbnb,1149.72,1
10401,OK,Ridge,Lodge,2025-06-22,2025-06-25,2025-06-22 00:00,Vrbo,1026.82,2
10719,OK,Birch,Cabin,2025-11-25,2025-11-29,2025-11-04 00:00,Airbnb,579.17,3
10342,OK,Cedar,Cabin,2025-06-01,2025-06-04,2025-05-16 00:00,Website,1034.41,3
10514,OK,Ridge,Lodge,2025-08-07,2025-08-12,2025-07-11 00:00,website,2495.7,5
10958,OK,Aspen,Cabin,2026-05-10,2026-05-12,2025-12-04 00:00,vrbo,462.18,1
10276,OK,Aspen,Cabin,2025-04-29,2025-05-02,2025-04-08 00:00,vrbo,523.72,5
10844,OK,Ridge,Lodge,2026-03-03,2026-03-05,2026-02-06 00:00,website,378.54,2
10255,OK,Cedar,Cabin,2025-04-18,2025-04-20,2025-04-07 00:00,website,560.96,1
10173,OK,Summit,Lodge,2025-01-29,2025-02-01,2025-01-21 00:00,phone,584.64,2
10042,OK,Summit,Lodge,2024-10-21,2024-10-24,2024-10-18 00:00,Airbnb,835.97,2
10355,OK,Cedar,Cabin,2025-06-07,2025-06-08,2025-01-01 00:00,Airbnb,478.03,4
11292,OK,Cedar,Cabin,2026-10-03,2026-10-05,2026-04-19 00:00,airbnb,641.45,3
10734,OK,Ridge,Lodge,2025-12-10,2025-12-12,2025-12-07 00:00,vrbo,410.46,4
10840,OK,Summit,Lodge,2026-02-26,2026-02-28,2026-02-12 00:00,website,547.41,2
10966,OK,Aspen,Cabin,2026-05-15,2026-05-20,2026-05-09 00:00,vrbo,1626.35,5
10847,OK,Aspen,Cabin,2026-03-06,2026-03-07,2026-02-26 00:00,airbnb,229.71,4
10762,OK,Cedar,Cabin,2025-12-29,2026-01-03,2025-12-25 00:00,website,748.33,3
10568,CANX,Cedar,Cabin,2025-09-01,2025-09-04,2025-03-19 00:00,airbnb,556.92,1
11127,OK,Birch,Cabin,2026-07-22,2026-07-24,2026-06-22 00:00,vrbo,600.1,3
10787,OK,Birch,Cabin,2026-01-18,2026-01-21,2026-01-16 00:00,Phone,401.22,4
10898,CANX,Birch,Cabin,2026-04-06,2026-04-08,2026-03-29 00:00,website,354.75,1
11275,OK,Birch,Cabin,2026-09-25,2026-09-27,2026-09-07 00:00,Phone,561.57,5
10562,OK,Aspen,Cabin,2025-08-30,2025-08-31,2025-08-02 00:00,website,405.6,5
10333,OK,Aspen,Cabin,2025-05-29,2025-05-30,2025-05-23 00:00,airbnb,232.01,3
10782,OK,Ridge,Lodge,2026-01-13,2026-01-14,2026-01-09 00:00,Vrbo,199.16,4
10272,OK,Ridge,Lodge,2025-04-25,2025-04-27,2025-04-21 00:00,Website,740.07,5
10075,OK,Summit,Lodge,2024-11-09,2024-11-11,2024-08-23 00:00,Website,640.55,3
10281,OK,Birch,Cabin,2025-05-02,2025-05-04,2025-04-20 00:00,website,571.27,5
11015,OK,Aspen,Cabin,2026-06-06,2026-06-08,2026-05-14 00:00,airbnb,999.0,3
10457,OK,Cedar,Cabin,2025-07-14,2025-07-16,2025-07-06 00:00,vrbo,542.01,5
11166,OK,Cedar,Cabin,2026-08-08,2026-08-09,2026-07-08 00:00,Airbnb,473.75,2
10578,CANX,Birch,Cabin,2025-09-05,2025-09-07,2025-08-25 00:00,airbnb,605.92,4
10533,OK,Ridge,Lodge,2025-08-15,2025-08-18,2025-06-21 00:00,airbnb,1910.76,2
10229,OK,Ridge,Lodge,2025-04-02,2025-04-06,2025-03-25 00:00,website,1013.56,1
10352,OK,Ridge,Lodge,2025-06-05,2025-06-08,2025-02-11 00:00,phone,1414.66,1
10446,OK,Aspen,Cabin,2025-07-11,2025-07-14,2025-06-15 00:00,website,1471.88,3
10936,OK,Ridge,Lodge,2026-04-26,2026-04-27,2026-04-16 00:00,airbnb,311.82,2
10645,OK,Birch,Cabin,2025-10-10,2025-10-11,2025-10-07 00:00,website,261.02,3
10066,OK,Summit,Lodge,2024-11-01,2024-11-05,2024-10-17 00:00,airbnb,1577.45,4
10048,OK,Aspen,Cabin,2024-10-25,2024-10-28,2024-05-21 00:00,Phone,994.09,5
11043,OK,Ridge,Lodge,2026-06-19,2026-06-22,2026-04-24 00:00,website,2011.87,4
10161,OK,Aspen,Cabin,2025-01-20,2025-01-21,2025-01-10 00:00,airbnb,137.6,2
11326,OK,Ridge,Lodge,2026-11-28,2026-11-30,2026-08-13 00:00,Vrbo,680.94,3
10140,OK,Birch,Cabin,2025-01-03,2025-01-05,2024-12-23 00:00,Phone,526.67,2
10742,OK,Ridge,Lodge,2025-12-15,2025-12-16,2025-12-14 00:00,phone,217.08,5
10332,OK,Summit,Lodge,2025-05-28,2025-05-30,2025-03-27 00:00,website,582.8,3
10175,OK,Birch,Cabin,2025-02-01,2025-02-04,2024-09-15 00:00,phone,664.61,5
10421,OK,Summit,Lodge,2025-07-01,2025-07-04,2025-06-22 00:00,Website,1053.23,1
10786,OK,Cedar,Cabin,2026-01-17,2026-01-19,2026-01-09 00:00,airbnb,428.83,4
10586,OK,Summit,Lodge,2025-09-09,2025-09-11,2025-08-15 00:00,vrbo,564.59,3
10310,OK,Ridge,Lodge,2025-05-15,2025-05-16,2025-02-06 00:00,website,396.19,5
10875,OK,Ridge,Lodge,2026-03-24,2026-03-27,2026-03-21 00:00,website,457.46,4
10472,OK,Cedar,Cabin,2025-07-20,2025-07-22,2025-05-11 00:00,phone,672.34,5
10334,OK,Birch,Cabin,2025-05-30,2025-06-01,2025-03-10 00:00,website,584.91,4
10523,OK,Birch,Cabin,2025-08-11,2025-08-13,2025-07-15 00:00,phone,561.1,5
10133,OK,Summit,Lodge,2024-12-27,2024-12-30,2024-12-15 00:00,vrbo,881.76,2
11088,OK,Ridge,Lodge,2026-07-08,2026-07-10,2026-06-03 00:00,phone,994.07,2
10366,OK,Cedar,Cabin,2025-06-10,2025-06-12,2025-06-04 00:00,vrbo,606.73,5
10088,OK,Cedar,Cabin,2024-11-17,2024-11-18,2024-10-29 00:00,website,149.8,4
10618,OK,Summit,Lodge,2025-09-24,2025-09-26,2025-09-10 00:00,phone,522.17,1
10750,OK,Ridge,Lodge,2025-12-20,2025-12-22,2025-12-17 00:00,vrbo,610.22,3
10594,OK,Cedar,Cabin,2025-09-13,2025-09-16,2025-08-22 00:00,Vrbo,873.43,4
10279,OK,Ridge,Lodge,2025-04-30,2025-05-03,2025-04-12 00:00,airbnb,806.33,4
11000,OK,Summit,Lodge,2026-05-31,2026-06-01,2026-05-15 00:00,website,329.53,2
10849,OK,Ridge,Lodge,2026-03-07,2026-03-09,2026-02-19 00:00,Airbnb,672.47,3
10293,OK,Aspen,Cabin,2025-05-08,2025-05-10,2025-03-23 00:00,Website,470.49,4
10155,OK,Summit,Lodge,2025-01-15,2025-01-17,2025-01-01 00:00,airbnb,405.15,3
10853,OK,Birch,Cabin,2026-03-14,2026-03-15,2026-03-08 00:00,website,220.17,3
11306,OK,Ridge,Lodge,2026-10-13,2026-10-14,2026-07-08 00:00,website,276.27,5
10698,OK,Aspen,Cabin,2025-11-04,2025-11-06,2025-10-31 00:00,website,285.15,2
10017,OK,Birch,Cabin,2024-10-11,2024-10-13,2024-09-25 00:00,vrbo,754.61,3
10730,OK,Aspen,Cabin,2025-12-09,2025-12-13,2025-12-02 00:00,vrbo,564.61,3
11179,OK,Ridge,Lodge,2026-08-13,2026-08-17,2026-07-24 00:00,Phone,2210.92,3
10872,OK,Birch,Cabin,2026-03-24,2026-03-26,2026-03-17 00:00,airbnb,292.21,1
10165,OK,Ridge,Lodge,2025-01-23,2025-01-24,2025-01-04 00:00,airbnb,239.84,5
10727,OK,Birch,Cabin,2025-12-07,2025-12-08,2025-11-27 00:00,phone,158.5,2
10716,OK,Summit,Lodge,2025-11-22,2025-11-25,2025-09-01 00:00,Airbnb,962.94,4
11170,OK,Cedar,Cabin,2026-08-10,2026-08-12,2026-08-01 00:00,airbnb,586.05,5
10842,OK,Birch,Cabin,2026-03-01,2026-03-03,2026-02-25 00:00,phone,323.75,1
10975,OK,Ridge,Lodge,2026-05-19,2026-05-21,2026-04-28 00:00,airbnb,474.95,4
10692,OK,Ridge,Lodge,2025-11-01,2025-11-03,2025-08-24 00:00,airbnb,634.57,4
11139,OK,Summit,Lodge,2026-07-26,2026-07-28,2026-07-09 00:00,airbnb,874.14,1
10323,OK,Summit,Lodge,2025-05-21,2025-05-23,2025-05-10 00:00,vrbo,508.05,1
10648,OK,Summit,Lodge,2025-10-11,2025-10-14,2025-09-22 00:00,website,1323.87,2
11247,OK,Aspen,Cabin,2026-09-10,2026-09-14,2026-08-29 00:00,Airbnb,1138.91,3
10468,OK,Ridge,Lodge,2025-07-18,2025-07-21,2025-06-23 00:00,airbnb,2115.42,1
11133,OK,Summit,Lodge,2026-07-24,2026-07-26,2026-04-25 00:00,website,1287.53,4
10500,OK,Aspen,Cabin,2025-08-01,2025-08-02,2025-07-17 00:00,airbnb,449.1,5
11143,OK,Ridge,Lodge,2026-07-28,2026-07-29,2026-07-19 00:00,airbnb,378.53,3
10986,OK,Summit,Lodge,2026-05-24,2026-05-26,2025-12-24 00:00,airbnb,624.56,5
11074,OK,Ridge,Lodge,2026-07-01,2026-07-02,2026-06-29 00:00,website,353.32,3
10506,OK,Ridge,Lodge,2025-08-04,2025-08-07,2025-03-19 00:00,Website,1187.42,5
10639,CANX,Aspen,Cabin,2025-10-07,2025-10-09,2025-09-20 00:00,phone,410.75,1
11311,CANX,Cedar,Cabin,2026-10-18,2026-10-20,2026-09-07 00:00,airbnb,489.51,2
10045,OK,Ridge,Lodge,2024-10-23,2024-10-25,2024-09-16 00:00,website,595.73,1
11284,OK,Aspen,Cabin,2026-09-30,2026-10-01,2026-05-04 00:00,Phone,186.08,3
10069,OK,Cedar,Cabin,2024-11-02,2024-11-05,2024-10-19 00:00,vrbo,647.74,5
11058,OK,Summit,Lodge,2026-06-24,2026-06-27,2026-06-20 00:00,website,1210.51,4
10755,CANX,Aspen,Cabin,2025-12-25,2025-12-26,2025-07-12 00:00,airbnb,179.5,3
10589,OK,Summit,Lodge,2025-09-11,2025-09-12,2025-04-19 00:00,website,338.67,5
11212,CANX,Summit,Lodge,2026-08-25,2026-08-29,2026-07-15 00:00,website,1611.59,5
11016,OK,Cedar,Cabin,2026-06-06,2026-06-09,2026-04-24 00:00,website,1291.08,4
11299,OK,Cedar,Cabin,2026-10-05,2026-10-06,2026-09-20 00:00,airbnb,157.01,2
10002,OK,Aspen,Cabin,2024-10-02,2024-10-05,2024-09-18 00:00,vrbo,540.02,3
10688,OK,Ridge,Lodge,2025-10-28,2025-10-31,2025-10-14 00:00,airbnb,782.44,1
11313,OK,Aspen,Cabin,2026-10-22,2026-10-24,2026-08-10 00:00,website,414.89,5
11243,OK,Cedar,Cabin,2026-09-08,2026-09-09,2026-09-07 00:00,Airbnb,184.24,4
10561,OK,Summit,Lodge,2025-08-29,2025-08-31,2025-08-13 00:00,Airbnb,1200.1,5
10801,OK,Cedar,Cabin,2026-01-31,2026-02-01,2026-01-19 00:00,airbnb,182.2,3
10825,OK,Birch,Cabin,2026-02-16,2026-02-18,2026-02-10 00:00,airbnb,304.91,1
10767,OK,Cedar,Cabin,2026-01-03,2026-01-04,2025-12-22 00:00,vrbo,222.42,2
11251,OK,Summit,Lodge,2026-09-12,2026-09-13,2026-08-23 00:00,vrbo,377.27,5
10188,OK,Ridge,Lodge,2025-02-22,2025-02-27,2025-02-20 00:00,Vrbo,1617.28,5
10148,OK,Birch,Cabin,2025-01-09,2025-01-10,2024-12-28 00:00,airbnb,157.75,2
10065,CANX,Cedar,Cabin,2024-11-01,2024-11-03,2024-10-26 00:00,phone,453.13,1
11135,OK,Birch,Cabin,2026-07-25,2026-07-30,2026-07-04 00:00,phone,2046.18,1
10219,CANX,Summit,Lodge,2025-03-23,2025-03-24,2025-02-02 00:00,phone,215.05,1
11134,OK,Ridge,Lodge,2026-07-24,2026-07-28,2026-07-03 00:00,airbnb,2258.1,4
11240,OK,Summit,Lodge,2026-09-05,2026-09-07,2026-09-02 00:00,airbnb,801.09,1
10753,OK,Aspen,Cabin,2025-12-24,2025-12-25,2025-12-22 00:00,website,127.46,1
10359,OK,Cedar,Cabin,2025-06-08,2025-06-10,2025-06-02 00:00,airbnb,599.16,5
10895,OK,Birch,Cabin,2026-04-05,2026-04-06,2025-12-25 00:00,Airbnb,215.11,3
11208,OK,Aspen,Cabin,2026-08-24,2026-08-27,2026-07-24 00:00,vrbo,896.15,5
10143,OK,Summit,Lodge,2025-01-04,2025-01-07,2025-01-03 00:00,Airbnb,1039.99,1
10655,OK,Aspen,Cabin,2025-10-14,2025-10-17,2025-09-30 00:00,Vrbo,544.59,3
10626,OK,Ridge,Lodge,2025-09-27,2025-09-28,2025-09-22 00:00,website,403.1,2
10743,OK,Ridge,Lodge,2025-12-16,2025-12-20,2025-12-05 00:00,airbnb,818.09,3
10566,OK,Ridge,Lodge,2025-08-31,2025-09-03,2025-06-04 00:00,airbnb,1371.82,3
10283,OK,Summit,Lodge,2025-05-02,2025-05-04,2025-04-29 00:00,vrbo,811.1,3
11114,OK,Birch,Cabin,2026-07-17,2026-07-19,2026-06-06 00:00,website,991.04,3
10212,OK,Summit,Lodge,2025-03-17,2025-03-19,2024-12-17 00:00,airbnb,395.96,4
11283,OK,Aspen,Cabin,2026-09-29,2026-09-30,2026-09-19 00:00,airbnb,174.59,3
11148,OK,Birch,Cabin,2026-07-30,2026-08-03,2026-06-25 00:00,vrbo,1581.66,4
10822,OK,Ridge,Lodge,2026-02-14,2026-02-15,2025-12-01 00:00,airbnb,296.04,4
10785,OK,Birch,Cabin,2026-01-16,2026-01-18,2025-08-14 00:00,Airbnb,442.94,3
11314,OK,Cedar,Cabin,2026-10-22,2026-10-25,2026-09-22 00:00,Website,781.37,1
11176,OK,Cedar,Cabin,2026-08-12,2026-08-16,2026-06-20 00:00,vrbo,1162.65,3
10808,OK,Cedar,Cabin,2026-02-03,2026-02-04,2026-01-29 00:00,airbnb,129.52,5
10816,OK,Ridge,Lodge,2026-02-07,2026-02-09,2026-01-31 00:00,website,591.63,1
10672,OK,Ridge,Lodge,2025-10-20,2025-10-22,2025-10-08 00:00,vrbo,610.38,4
10260,OK,Cedar,Cabin,2025-04-20,2025-04-22,2025-03-26 00:00,Airbnb,350.47,2
11045,OK,Birch,Cabin,2026-06-20,2026-06-21,2026-06-07 00:00,vrbo,455.18,2
10091,OK,Ridge,Lodge,2024-11-19,2024-11-22,2024-11-14 00:00,phone,507.02,4
10696,OK,Summit,Lodge,2025-11-03,2025-11-04,2025-10-29 00:00,website,183.25,2
10515,OK,Aspen,Cabin,2025-08-08,2025-08-09,2025-07-10 00:00,phone,424.84,1
11318,OK,Summit,Lodge,2026-10-31,2026-11-02,2026-05-14 00:00,Airbnb,899.92,5
10327,OK,Birch,Cabin,2025-05-26,2025-05-29,2025-05-09 00:00,Vrbo,623.35,2
10106,OK,Ridge,Lodge,2024-12-05,2024-12-06,2024-09-10 00:00,phone,224.55,2
10197,OK,Cedar,Cabin,2025-03-04,2025-03-06,2025-02-20 00:00,website,295.08,2
10598,OK,Ridge,Lodge,2025-09-16,2025-09-20,2025-09-04 00:00,vrbo,954.42,4
11304,OK,Summit,Lodge,2026-10-10,2026-10-13,2026-09-04 00:00,airbnb,1402.87,4
10084,OK,Aspen,Cabin,2024-11-14,2024-11-16,2024-10-30 00:00,airbnb,367.65,1
10841,OK,Aspen,Cabin,2026-02-28,2026-03-02,2026-02-27 00:00,airbnb,529.65,1
10613,OK,Summit,Lodge,2025-09-22,2025-09-23,2025-09-11 00:00,airbnb,280.28,3
10330,OK,Ridge,Lodge,2025-05-27,2025-05-31,2025-05-19 00:00,Website,1116.15,4
11120,OK,Birch,Cabin,2026-07-19,2026-07-22,2026-06-21 00:00,airbnb,902.53,2
11230,OK,Ridge,Lodge,2026-09-01,2026-09-06,2026-08-25 00:00,airbnb,1182.16,1
10802,OK,Summit,Lodge,2026-01-31,2026-02-04,2025-12-02 00:00,airbnb,1125.56,5
11290,OK,Ridge,Lodge,2026-10-02,2026-10-07,2026-09-18 00:00,Airbnb,2017.9,2
10846,OK,Summit,Lodge,2026-03-05,2026-03-08,2026-02-22 00:00,airbnb,738.96,2
10060,OK,Aspen,Cabin,2024-10-30,2024-11-02,2024-10-23 00:00,vrbo,567.24,3
10226,OK,Aspen,Cabin,2025-03-31,2025-04-01,2025-03-25 00:00,airbnb,131.47,4
10989,OK,Cedar,Cabin,2026-05-26,2026-05-29,2026-05-19 00:00,airbnb,536.52,4
10166,OK,Summit,Lodge,2025-01-24,2025-01-25,2025-01-23 00:00,website,297.11,3
11154,OK,Birch,Cabin,2026-08-03,2026-08-06,2026-06-30 00:00,Airbnb,810.57,4
10314,OK,Summit,Lodge,2025-05-17,2025-05-20,2025-05-17 00:00,Vrbo,1245.59,3
10445,OK,Summit,Lodge,2025-07-10,2025-07-13,2025-07-03 00:00,website,1634.47,1
10721,OK,Ridge,Lodge,2025-11-25,2025-11-27,2025-07-29 00:00,airbnb,375.07,5
10471,OK,Aspen,Cabin,2025-07-20,2025-07-23,2025-02-23 00:00,vrbo,1022.68,3
11126,OK,Ridge,Lodge,2026-07-21,2026-07-23,2026-06-22 00:00,airbnb,687.75,2
10007,OK,Birch,Cabin,2024-10-04,2024-10-09,2024-09-24 00:00,airbnb,1690.58,3
10917,OK,Birch,Cabin,2026-04-17,2026-04-19,2026-04-03 00:00,website,654.46,3
11255,OK,Summit,Lodge,2026-09-13,2026-09-15,2026-08-16 00:00,website,491.88,5
10014,OK,Summit,Lodge,2024-10-08,2024-10-09,2024-06-24 00:00,Airbnb,281.92,4
11073,OK,Cedar,Cabin,2026-07-01,2026-07-03,2026-06-29 00:00,airbnb,611.97,2
10008,OK,Aspen,Cabin,2024-10-05,2024-10-07,2024-09-22 00:00,airbnb,495.47,2
10073,OK,Cedar,Cabin,2024-11-07,2024-11-11,2024-10-24 00:00,vrbo,711.6,4
11258,OK,Birch,Cabin,2026-09-16,2026-09-21,2026-08-28 00:00,vrbo,1159.93,5
10535,OK,Cedar,Cabin,2025-08-19,2025-08-21,2025-08-13 00:00,airbnb,582.24,5
11159,OK,Summit,Lodge,2026-08-04,2026-08-06,2026-07-07 00:00,airbnb,809.6,1
10303,OK,Summit,Lodge,2025-05-11,2025-05-12,2025-04-17 00:00,airbnb,266.19,1
10659,OK,Summit,Lodge,2025-10-16,2025-10-18,2025-09-11 00:00,airbnb,693.08,2
10299,OK,Aspen,Cabin,2025-05-10,2025-05-12,2025-05-04 00:00,airbnb,495.11,4
10110,OK,Birch,Cabin,2024-12-08,2024-12-11,2024-12-02 00:00,airbnb,473.09,4
10242,OK,Summit,Lodge,2025-04-11,2025-04-13,2025-03-18 00:00,vrbo,950.34,2
11151,OK,Aspen,Cabin,2026-08-01,2026-08-05,2026-07-23 00:00,phone,1733.0,1
10402,OK,Birch,Cabin,2025-06-23,2025-06-25,2025-02-18 00:00,vrbo,586.84,1
10477,OK,Ridge,Lodge,2025-07-22,2025-07-24,2025-06-25 00:00,phone,751.65,5
11144,OK,Aspen,Cabin,2026-07-29,2026-07-31,2026-07-02 00:00,website,497.06,1
11236,OK,Summit,Lodge,2026-09-03,2026-09-05,2026-03-12 00:00,website,716.58,4
10072,OK,Summit,Lodge,2024-11-06,2024-11-07,2024-10-31 00:00,website,194.64,4
10200,OK,Ridge,Lodge,2025-03-07,2025-03-11,2025-03-05 00:00,Website,1484.58,5
10041,OK,Birch,Cabin,2024-10-21,2024-10-22,2024-10-15 00:00,website,177.93,4
10890,OK,Aspen,Cabin,2026-04-03,2026-04-05,2026-03-14 00:00,phone,635.96,3
11061,CANX,Cedar,Cabin,2026-06-26,2026-06-28,2026-05-23 00:00,vrbo,845.85,1
10599,OK,Birch,Cabin,2025-09-17,2025-09-19,2025-08-24 00:00,airbnb,417.87,2
10221,OK,Cedar,Cabin,2025-03-24,2025-03-28,2024-09-26 00:00,airbnb,680.33,1
11305,OK,Cedar,Cabin,2026-10-13,2026-10-14,2026-09-24 00:00,airbnb,210.22,1
10976,CANX,Birch,Cabin,2026-05-20,2026-05-22,2026-05-01 00:00,airbnb,435.55,4
10036,OK,Ridge,Lodge,2024-10-18,2024-10-21,2024-09-25 00:00,airbnb,1326.26,1
10615,OK,Aspen,Cabin,2025-09-23,2025-09-24,2025-08-27 00:00,Website,197.46,4
10289,OK,Ridge,Lodge,2025-05-04,2025-05-06,2025-04-20 00:00,airbnb,556.89,3
11178,OK,Summit,Lodge,2026-08-13,2026-08-15,2026-05-14 00:00,phone,1049.19,4
10287,OK,Birch,Cabin,2025-05-04,2025-05-05,2025-04-11 00:00,airbnb,224.32,1
11030,OK,Birch,Cabin,2026-06-13,2026-06-17,2026-01-09 00:00,website,1788.73,4
10481,OK,Ridge,Lodge,2025-07-24,2025-07-26,2025-06-27 00:00,website,802.48,2
10430,OK,Summit,Lodge,2025-07-04,2025-07-07,2025-06-14 00:00,website,1702.18,2
10234,CANX,Aspen,Cabin,2025-04-06,2025-04-08,2025-03-22 00:00,Airbnb,439.35,1
10705,OK,Birch,Cabin,2025-11-14,2025-11-17,2025-11-12 00:00,phone,615.18,2
10382,OK,Birch,Cabin,2025-06-16,2025-06-18,2025-05-28 00:00,website,494.32,2
10208,OK,Aspen,Cabin,2025-03-14,2025-03-15,2025-03-06 00:00,phone,224.78,2
10436,OK,Aspen,Cabin,2025-07-07,2025-07-11,2025-02-27 00:00,airbnb,1142.44,3
11328,OK,Ridge,Lodge,2026-12-01,2026-12-02,2026-06-25 00:00,Airbnb,180.68,1
10407,OK,Cedar,Cabin,2025-06-27,2025-06-29,2025-06-13 00:00,airbnb,1027.87,5
10404,OK,Summit,Lodge,2025-06-24,2025-06-25,2025-06-02 00:00,website,415.92,2
10843,OK,Summit,Lodge,2026-03-01,2026-03-05,2026-02-26 00:00,Vrbo,878.84,2
11023,OK,Summit,Lodge,2026-06-09,2026-06-11,2025-12-22 00:00,Airbnb,747.06,1
10784,OK,Summit,Lodge,2026-01-15,2026-01-17,2026-01-14 00:00,phone,500.12,3
10574,OK,Cedar,Cabin,2025-09-03,2025-09-08,2025-08-22 00:00,website,933.52,1
10930,OK,Birch,Cabin,2026-04-24,2026-04-27,2026-04-14 00:00,vrbo,905.39,4
10546,CANX,Aspen,Cabin,2025-08-23,2025-08-26,2025-07-03 00:00,Airbnb,1508.98,4
10019,OK,Ridge,Lodge,2024-10-11,2024-10-12,2024-09-21 00:00,Airbnb,460.84,3
10154,OK,Birch,Cabin,2025-01-15,2025-01-17,2024-09-12 00:00,airbnb,304.75,1
10463,OK,Summit,Lodge,2025-07-17,2025-07-20,2025-05-29 00:00,Airbnb,1419.6,5
10482,OK,Birch,Cabin,2025-07-25,2025-07-27,2025-07-13 00:00,phone,948.42,1
11298,OK,Birch,Cabin,2026-10-05,2026-10-07,2026-09-10 00:00,website,380.62,2
10864,OK,Birch,Cabin,2026-03-20,2026-03-22,2026-03-10 00:00,airbnb,507.43,4
10980,OK,Ridge,Lodge,2026-05-22,2026-05-25,2026-04-19 00:00,airbnb,1204.39,3
10252,OK,Birch,Cabin,2025-04-16,2025-04-17,2025-02-05 00:00,website,206.24,3
10461,OK,Birch,Cabin,2025-07-17,2025-07-20,2025-06-30 00:00,airbnb,1028.9,4
11210,OK,Birch,Cabin,2026-08-25,2026-08-27,2026-08-09 00:00,Website,564.46,3
11161,OK,Birch,Cabin,2026-08-06,2026-08-10,2026-07-27 00:00,website,1460.79,5
10839,OK,Aspen,Cabin,2026-02-24,2026-02-27,2026-02-21 00:00,website,393.36,2
11329,OK,Birch,Cabin,2026-12-04,2026-12-06,2026-08-19 00:00,website,433.13,3
10521,OK,Aspen,Cabin,2025-08-10,2025-08-11,2025-07-30 00:00,Website,316.0,1
10228,OK,Ridge,Lodge,2025-04-01,2025-04-02,2025-01-10 00:00,website,242.92,1
10240,OK,Birch,Cabin,2025-04-11,2025-04-13,2025-03-27 00:00,vrbo,728.49,5
10408,OK,Summit,Lodge,2025-06-27,2025-06-29,2025-05-19 00:00,vrbo,1165.36,4
11076,CANX,Cedar,Cabin,2026-07-02,2026-07-05,2026-06-10 00:00,airbnb,1020.0,3
10488,OK,Summit,Lodge,2025-07-27,2025-07-30,2025-06-01 00:00,Airbnb,1159.87,4
11031,OK,Ridge,Lodge,2026-06-13,2026-06-15,2026-05-26 00:00,phone,1346.02,4
11125,OK,Cedar,Cabin,2026-07-21,2026-07-23,2026-02-28 00:00,phone,454.47,2
10428,OK,Birch,Cabin,2025-07-04,2025-07-07,2025-03-31 00:00,Vrbo,1391.71,3
11087,OK,Cedar,Cabin,2026-07-08,2026-07-09,2026-06-18 00:00,Phone,309.4,4
10560,OK,Cedar,Cabin,2025-08-29,2025-08-31,2025-08-06 00:00,airbnb,842.46,2
11047,OK,Summit,Lodge,2026-06-23,2026-06-20,2026-06-02 00:00,website,1774.08,5
11113,OK,Aspen,Cabin,2026-07-17,2026-07-20,2026-07-09 00:00,vrbo,1319.51,3
10558,OK,Aspen,Cabin,2025-08-28,2025-08-30,2025-03-31 00:00,airbnb,759.67,2
10291,OK,Summit,Lodge,2025-05-05,2025-05-08,2025-03-29 00:00,airbnb,921.95,5
10738,OK,Ridge,Lodge,2025-12-13,2025-12-15,2025-12-11 00:00,Airbnb,657.28,4
10325,OK,Birch,Cabin,2025-05-23,2025-05-26,2025-05-02 00:00,airbnb,894.06,5
11078,OK,Aspen,Cabin,2026-07-04,2026-07-05,2026-06-14 00:00,airbnb,419.81,4
10369,OK,Birch,Cabin,2025-06-11,2025-06-14,2025-05-29 00:00,airbnb,906.46,4
10647,OK,Birch,Cabin,2025-10-11,2025-10-12,2025-09-21 00:00,Airbnb,254.45,3
11028,OK,Cedar,Cabin,2026-06-12,2026-06-14,2026-05-22 00:00,vrbo,1073.81,5
10699,OK,Aspen,Cabin,2025-11-07,2025-11-11,2025-11-06 00:00,airbnb,925.12,4
11155,OK,Cedar,Cabin,2026-08-03,2026-08-05,2026-07-29 00:00,website,575.88,4
10850,OK,Summit,Lodge,2026-03-12,2026-03-15,2026-02-21 00:00,vrbo,804.42,1
10744,OK,Cedar,Cabin,2025-12-17,2025-12-19,2025-12-11 00:00,Airbnb,244.54,1
11267,OK,Aspen,Cabin,2026-09-20,2026-09-21,2026-08-23 00:00,vrbo,193.27,5
10268,OK,Summit,Lodge,2025-04-23,2025-04-26,2025-04-04 00:00,airbnb,785.33,4
10414,OK,Birch,Cabin,2025-06-29,2025-07-01,2025-03-13 00:00,airbnb,580.16,4
10565,OK,Cedar,Cabin,2025-08-31,2025-09-01,2025-08-16 00:00,airbnb,324.8,5
10095,OK,Cedar,Cabin,2024-11-23,2024-11-26,2024-11-10 00:00,vrbo,660.68,3
10772,OK,Cedar,Cabin,2026-01-05,2026-01-06,2025-12-25 00:00,website,143.77,1
10180,OK,Cedar,Cabin,2025-02-06,2025-02-08,2024-11-08 00:00,website,382.1,1
11191,OK,Summit,Lodge,2026-08-17,2026-08-20,2026-08-05 00:00,vrbo,1236.11,5
10274,OK,Ridge,Lodge,2025-04-27,2025-04-30,2025-04-21 00:00,phone,993.25,4
10807,OK,Ridge,Lodge,2026-02-02,2026-02-05,2025-10-14 00:00,airbnb,594.82,5
11055,OK,Ridge,Lodge,2026-06-23,2026-06-27,2026-05-18 00:00,Website,1473.52,5
11285,OK,Cedar,Cabin,2026-09-30,2026-10-03,2026-08-15 00:00,Website,595.8,1
10052,OK,Birch,Cabin,2024-10-26,2024-10-29,2024-10-13 00:00,airbnb,1015.43,4
10739,CANX,Aspen,Cabin,2025-12-14,2025-12-17,2025-07-26 00:00,airbnb,415.63,4
10286,OK,Ridge,Lodge,2025-05-03,2025-05-04,2025-04-03 00:00,website,437.95,4
10791,OK,Summit,Lodge,2026-01-24,2026-01-27,2026-01-20 00:00,Website,1004.2,2
11156,OK,Ridge,Lodge,2026-08-03,2026-08-06,2026-07-07 00:00,airbnb,1211.28,2
11231,OK,Birch,Cabin,2026-09-02,2026-09-05,2026-05-18 00:00,airbnb,479.77,1
10944,OK,Aspen,Cabin,2026-05-02,2026-05-05,2026-04-25 00:00,vrbo,799.18,4
10120,OK,Birch,Cabin,2024-12-19,2024-12-21,2024-12-12 00:00,website,329.91,4
10665,OK,Summit,Lodge,2025-10-18,2025-10-20,2025-10-07 00:00,Website,866.95,5
10444,OK,Birch,Cabin,2025-07-10,2025-07-13,2025-06-19 00:00,vrbo,970.5,1
10731,OK,Cedar,Cabin,2025-12-09,2025-12-13,2025-07-04 00:00,airbnb,557.04,4
10015,OK,Cedar,Cabin,2024-10-10,2024-10-11,2024-10-09 00:00,Airbnb,259.66,3
11090,OK,Cedar,Cabin,2026-07-09,2026-07-12,2026-06-30 00:00,website,1173.35,4
10426,OK,Ridge,Lodge,2025-07-03,2025-07-05,2025-05-02 00:00,airbnb,1008.36,4
10409,OK,Ridge,Lodge,2025-06-27,2025-07-01,2025-05-01 00:00,website,2363.2,4
10991,OK,Summit,Lodge,2026-05-28,2026-05-31,2026-05-18 00:00,phone,1091.13,4
10974,OK,Birch,Cabin,2026-05-19,2026-05-24,2026-01-20 00:00,airbnb,892.02,3
11319,OK,Birch,Cabin,2026-11-01,2026-11-03,2026-07-13 00:00,airbnb,287.75,5
10392,OK,Ridge,Lodge,2025-06-19,2025-06-21,2025-06-07 00:00,phone,903.8,2
10713,OK,Ridge,Lodge,2025-11-20,2025-11-22,2025-07-01 00:00,airbnb,505.28,4
11288,OK,Aspen,Cabin,2026-10-02,2026-10-05,2026-07-13 00:00,airbnb,899.91,5
10377,OK,Ridge,Lodge,2025-06-13,2025-06-16,2024-12-23 00:00,phone,1736.55,5
11312,OK,Cedar,Cabin,2026-10-20,2026-10-21,2026-04-25 00:00,Vrbo,169.3,5
10157,OK,Ridge,Lodge,2025-01-16,2025-01-19,2025-01-11 00:00,vrbo,651.3,4
10764,OK,Aspen,Cabin,2025-12-31,2026-01-01,2025-12-23 00:00,airbnb,138.48,2
10018,OK,Summit,Lodge,2024-10-11,2024-10-13,2024-08-16 00:00,website,855.75,2
11026,OK,Summit,Lodge,2026-06-11,2026-06-12,2026-05-24 00:00,airbnb,508.19,3
11227,OK,Summit,Lodge,2026-08-31,2026-09-03,2026-07-28 00:00,airbnb,1201.03,1
10709,OK,Ridge,Lodge,2025-11-15,2025-11-18,2025-11-01 00:00,vrbo,868.39,3
10720,OK,Cedar,Cabin,2025-11-25,,2025-11-04 00:00,website,287.5,1
10821,OK,Aspen,Cabin,2026-02-13,2026-02-15,2026-02-13 00:00,Phone,463.05,2
11307,OK,Birch,Cabin,2026-10-14,2026-10-16,2026-09-02 00:00,phone,385.68,1
11038,OK,Aspen,Cabin,2026-06-18,2026-06-19,2026-05-14 00:00,airbnb,350.5,1
10181,OK,Summit,Lodge,2025-02-06,2025-02-07,2025-02-02 00:00,Airbnb,238.88,4
10676,OK,Ridge,Lodge,2025-10-22,2025-10-25,2025-09-25 00:00,airbnb,832.31,2
10115,OK,Cedar,Cabin,2024-12-11,2024-12-13,2024-12-04 00:00,vrbo,273.5,5
10957,OK,Summit,Lodge,2026-05-09,2026-05-12,2026-02-24 00:00,Airbnb,1395.98,4
10627,OK,Birch,Cabin,2025-09-29,2025-10-01,2025-05-06 00:00,website,354.91,4
10981,OK,Aspen,Cabin,2026-05-23,2026-05-26,2026-02-05 00:00,airbnb,920.64,5
10241,OK,Cedar,Cabin,2025-04-11,2025-04-14,2025-04-06 00:00,airbnb,1143.95,4
10805,OK,Cedar,Cabin,2026-02-01,2026-02-03,2026-01-27 00:00,airbnb,278.43,3
11059,CANX,Ridge,Lodge,2026-06-24,2026-06-27,2026-06-20 00:00,website,1175.63,2
10030,OK,Ridge,Lodge,2024-10-16,2024-10-18,2024-10-05 00:00,airbnb,579.53,4
10990,CANX,Cedar,Cabin,2026-05-28,2026-05-31,2026-05-19 00:00,Vrbo,783.25,3
10949,OK,Summit,Lodge,2026-05-04,2026-05-06,2026-04-25 00:00,airbnb,598.46,1
10090,OK,Birch,Cabin,2024-11-19,2024-11-20,2024-11-15 00:00,website,127.25,3
10992,OK,Ridge,Lodge,2026-05-28,2026-06-02,2026-05-21 00:00,Airbnb,1548.74,4
10708,OK,Summit,Lodge,2025-11-15,2025-11-16,2025-11-08 00:00,Airbnb,275.56,2
11017,OK,Ridge,Lodge,2026-06-06,2026-06-08,2026-04-14 00:00,website,1220.17,2
10149,OK,Birch,Cabin,2025-01-10,2025-01-12,2025-01-05 00:00,vrbo,405.71,2
11002,OK,Aspen,Cabin,2026-06-02,2026-06-04,2026-05-22 00:00,website,582.62,1
10150,OK,Summit,Lodge,2025-01-11,2025-01-15,2025-01-07 00:00,airbnb,1253.1,5
10612,OK,Birch,Cabin,2025-09-22,2025-09-25,2025-09-07 00:00,phone,553.26,3
10297,OK,Cedar,Cabin,2025-05-09,2025-05-11,2025-05-01 00:00,airbnb,680.65,1
10924,OK,Aspen,Cabin,2026-04-19,2026-04-21,2026-02-19 00:00,airbnb,367.18,5
11279,OK,Cedar,Cabin,2026-09-27,2026-09-30,2026-09-27 00:00,airbnb,685.84,4
10680,OK,Summit,Lodge,2025-10-25,2025-10-26,2025-06-01 00:00,Vrbo,421.06,3
11281,OK,Ridge,Lodge,2026-09-27,2026-09-30,2026-09-11 00:00,airbnb,737.02,2
11056,OK,Aspen,Cabin,2026-06-24,2026-06-27,2026-05-30 00:00,airbnb,957.33,1
10016,OK,Ridge,Lodge,2024-10-10,2024-10-11,2024-09-25 00:00,phone,398.07,3
10766,OK,Birch,Cabin,2026-01-02,2026-01-04,2025-08-14 00:00,Vrbo,408.51,3
10118,OK,Birch,Cabin,2024-12-16,2024-12-19,2024-08-02 00:00,Airbnb,383.51,4
11193,OK,Ridge,Lodge,2026-08-18,2026-08-20,2026-07-12 00:00,website,840.9,5
10128,OK,Summit,Lodge,2024-12-25,2024-12-26,2024-12-20 00:00,Website,206.32,5
10087,OK,Summit,Lodge,2024-11-16,2024-11-19,2024-11-08 00:00,website,837.31,2
10596,CANX,Summit,Lodge,2025-09-15,2025-09-17,2025-08-19 00:00,airbnb,530.16,5
11150,OK,Ridge,Lodge,2026-07-31,2026-08-03,2026-03-02 00:00,airbnb,2042.78,1
10384,OK,Summit,Lodge,2025-06-16,2025-06-18,2025-03-30 00:00,vrbo,796.59,2
10902,OK,Ridge,Lodge,2026-04-07,2026-04-09,2026-03-17 00:00,vrbo,539.93,3
10117,OK,Aspen,Cabin,2024-12-16,2024-12-19,2024-12-13 00:00,airbnb,421.75,3
10592,OK,Aspen,Cabin,2025-09-13,2025-09-17,2025-09-07 00:00,website,1188.86,2
10776,OK,Aspen,Cabin,2026-01-09,2026-01-11,2025-12-18 00:00,website,416.33,2
11315,OK,Summit,Lodge,2026-10-22,2026-10-26,2026-09-30 00:00,airbnb,1565.72,2
10301,OK,Birch,Cabin,2025-05-11,2025-05-16,2025-04-28 00:00,website,988.68,3
10968,OK,Ridge,Lodge,2026-05-15,2026-05-19,2026-05-11 00:00,airbnb,1825.02,4
10826,OK,Summit,Lodge,2026-02-16,2026-02-17,2026-01-25 00:00,airbnb,187.91,2
10422,OK,Aspen,Cabin,2025-07-02,2025-07-05,2025-06-20 00:00,airbnb,695.22,3
10288,OK,Summit,Lodge,2025-05-04,2025-05-05,2025-04-25 00:00,website,289.89,1
10199,OK,Birch,Cabin,2025-03-07,2025-03-08,2024-10-23 00:00,vrbo,223.34,4
10886,OK,Summit,Lodge,2026-03-31,2026-04-01,2026-01-12 00:00,vrbo,183.57,2
10400,OK,Cedar,Cabin,2025-06-22,2025-06-23,2025-06-16 00:00,website,303.09,5
10611,OK,Ridge,Lodge,2025-09-21,2025-09-23,2025-09-06 00:00,website,570.21,1
10156,OK,Cedar,Cabin,2025-01-16,2025-01-19,2024-12-23 00:00,airbnb,436.73,5
10951,OK,Cedar,Cabin,2026-05-05,2026-05-07,2026-04-29 00:00,airbnb,377.82,1
11321,OK,Cedar,Cabin,2026-11-11,2026-11-13,2026-07-28 00:00,Website,252.16,2
10874,CANX,Summit,Lodge,2026-03-24,2026-03-27,2025-10-18 00:00,website,528.8,3
10749,OK,Birch,Cabin,2025-12-20,2025-12-22,2025-12-18 00:00,airbnb,404.03,4
11190,OK,Cedar,Cabin,2026-08-17,2026-08-19,2026-08-06 00:00,phone,471.95,2
10704,OK,Cedar,Cabin,2025-11-13,2025-11-15,2025-11-02 00:00,Airbnb,354.32,5
10033,OK,Aspen,Cabin,2024-10-18,2024-10-22,2024-06-15 00:00,Website,1401.25,3
11019,OK,Summit,Lodge,2026-06-07,2026-06-09,2026-05-20 00:00,vrbo,786.91,1
10910,OK,Cedar,Cabin,2026-04-15,2026-04-12,2026-02-11 00:00,website,646.97,1
10101,OK,Cedar,Cabin,2024-12-03,2024-12-04,2024-11-29 00:00,website,144.63,3
11289,OK,Summit,Lodge,2026-10-02,2026-10-04,2026-09-25 00:00,airbnb,877.21,3
11035,OK,Aspen,Cabin,2026-06-17,2026-06-18,2026-05-10 00:00,airbnb,273.03,2
10141,OK,Aspen,Cabin,2025-01-04,2025-01-07,2025-01-04 00:00,vrbo,587.76,2
10572,OK,Aspen,Cabin,2025-09-03,2025-09-06,2025-08-07 00:00,Airbnb,691.59,3
10604,OK,Aspen,Cabin,2025-09-19,2025-09-20,2025-09-10 00:00,website,321.89,2
10388,OK,Aspen,Cabin,2025-06-18,2025-06-20,2025-06-03 00:00,airbnb,607.04,2
10804,OK,Birch,Cabin,2026-02-01,2026-02-03,2025-12-14 00:00,phone,297.14,1
11333,OK,Ridge,Lodge,2026-12-23,2026-12-26,2026-08-26 00:00,vrbo,529.87,5
10532,OK,Cedar,Cabin,2025-08-15,2025-08-17,2025-07-26 00:00,vrbo,841.86,1
11036,OK,Cedar,Cabin,2026-06-17,2026-06-21,2026-06-03 00:00,vrbo,1112.29,5
10779,OK,Aspen,Cabin,2026-01-11,2026-01-13,2025-09-28 00:00,Website,295.55,1
10978,OK,Summit,Lodge,2026-05-21,2026-05-24,2026-05-11 00:00,airbnb,1080.31,2
10552,OK,Birch,Cabin,2025-08-25,2025-08-27,2025-07-04 00:00,airbnb,552.36,3
10462,OK,Cedar,Cabin,2025-07-17,2025-07-19,2025-04-07 00:00,website,768.84,1
10486,OK,Aspen,Cabin,2025-07-27,2025-07-28,2025-03-23 00:00,Airbnb,297.19,1
11204,OK,Summit,Lodge,2026-08-22,2026-08-25,2026-08-17 00:00,website,1681.92,3
10585,OK,Aspen,Cabin,2025-09-09,2025-09-11,2025-09-06 00:00,vrbo,426.38,4
11022,OK,Cedar,Cabin,2026-06-09,2026-06-11,2026-05-27 00:00,airbnb,633.81,1
10186,OK,Ridge,Lodge,2025-02-19,2025-02-22,2024-08-28 00:00,Phone,605.57,3
10178,OK,Cedar,Cabin,2025-02-04,2025-02-06,2025-01-28 00:00,website,293.93,1
10701,OK,Summit,Lodge,2025-11-08,2025-11-10,2025-10-31 00:00,airbnb,531.22,4
10114,OK,Birch,Cabin,2024-12-11,2024-12-14,2024-11-23 00:00,website,442.34,1
10525,OK,Ridge,Lodge,2025-08-12,2025-08-14,2025-07-13 00:00,website,700.04,3
10868,OK,Summit,Lodge,2026-03-21,2026-03-23,2025-10-27 00:00,Phone,631.05,2
11295,OK,Summit,Lodge,2026-10-04,2026-10-07,2026-09-10 00:00,vrbo,891.74,1
11131,OK,Cedar,Cabin,2026-07-23,2026-07-27,2026-03-25 00:00,Website,1323.3,3
10324,OK,Aspen,Cabin,2025-05-23,2025-05-25,2025-04-27 00:00,Vrbo,630.6,2
10601,CANX,Aspen,Cabin,2025-09-18,2025-09-19,2025-05-05 00:00,vrbo,259.69,4
10092,OK,Cedar,Cabin,2024-11-20,2024-11-23,2024-11-15 00:00,airbnb,407.8,4
10278,OK,Cedar,Cabin,2025-04-30,2025-05-03,2025-04-20 00:00,airbnb,635.07,1
11220,OK,Aspen,Cabin,2026-08-29,2026-08-31,2026-06-18 00:00,vrbo,961.03,2
10609,CANX,Cedar,Cabin,2025-09-20,2025-09-22,2025-09-05 00:00,vrbo,588.9,1
11309,OK,Summit,Lodge,2026-10-15,2026-10-20,2026-09-23 00:00,Airbnb,1803.98,3
10914,OK,Summit,Lodge,2026-04-15,2026-04-17,2026-03-14 00:00,website,536.03,5
10918,OK,Cedar,Cabin,2026-04-17,2026-04-21,2025-11-27 00:00,airbnb,1218.11,5
10564,OK,Birch,Cabin,2025-08-31,2025-09-01,2025-08-15 00:00,website,292.49,4
11097,OK,Summit,Lodge,2026-07-12,2026-07-14,2026-06-16 00:00,airbnb,812.92,5
10667,OK,Birch,Cabin,2025-10-19,2025-10-22,2025-10-05 00:00,airbnb,633.06,2
10741,OK,Cedar,Cabin,2025-12-15,2025-12-17,2025-12-06 00:00,website,286.59,2
10920,OK,Ridge,Lodge,2026-04-17,2026-04-20,2026-03-16 00:00,airbnb,1530.85,3
10563,OK,Aspen,Cabin,2025-08-31,2025-09-03,2025-07-15 00:00,Vrbo,1047.18,3
10746,OK,Birch,Cabin,2025-12-18,2025-12-20,2025-12-10 00:00,Vrbo,347.54,3
10937,OK,Birch,Cabin,2026-04-27,2026-04-30,2026-04-13 00:00,airbnb,535.92,3
10584,OK,Aspen,Cabin,2025-09-08,2025-09-09,2025-06-08 00:00,airbnb,209.87,5
10107,OK,Aspen,Cabin,2024-12-07,2024-12-09,2024-12-02 00:00,website,385.03,2
10460,OK,Aspen,Cabin,2025-07-17,2025-07-20,2025-07-07 00:00,website,1045.73,5
10474,OK,Birch,Cabin,2025-07-21,2025-07-23,2025-05-21 00:00,Website,558.84,4
10810,OK,Birch,Cabin,2026-02-05,2026-02-09,2026-01-21 00:00,phone,566.72,4
11303,OK,Aspen,Cabin,2026-10-10,2026-10-13,2026-06-07 00:00,airbnb,851.16,4
10063,OK,Cedar,Cabin,2024-10-31,2024-11-01,2024-10-14 00:00,vrbo,266.26,4
11082,OK,Cedar,Cabin,2026-07-05,2026-07-08,2026-04-28 00:00,website,1005.88,5
10845,OK,Birch,Cabin,2026-03-04,2026-03-06,2025-09-21 00:00,website,229.02,1
10722,OK,Aspen,Cabin,2025-11-28,2025-11-30,2025-11-27 00:00,airbnb,504.63,4
11265,OK,Ridge,Lodge,2026-09-18,2026-09-19,2026-09-13 00:00,website,545.2,3
10433,OK,Cedar,Cabin,2025-07-06,2025-07-09,2025-05-03 00:00,airbnb,881.93,4
11270,OK,Cedar,Cabin,2026-09-21,2026-09-22,2026-04-27 00:00,Phone,208.32,2
11101,OK,Ridge,Lodge,2026-07-13,2026-07-16,2026-07-02 00:00,vrbo,1210.44,4
10217,OK,Aspen,Cabin,2025-03-22,2025-03-24,2024-10-20 00:00,airbnb,456.67,1
10137,OK,Ridge,Lodge,2024-12-29,2025-01-01,2024-12-11 00:00,Airbnb,596.97,4
11207,OK,Cedar,Cabin,2026-08-23,2026-08-25,2026-08-11 00:00,airbnb,621.08,3
10341,OK,Birch,Cabin,2025-06-01,2025-06-04,2025-05-25 00:00,vrbo,852.53,1
11112,OK,Ridge,Lodge,2026-07-16,2026-07-18,2026-07-04 00:00,airbnb,805.8,2
11249,OK,Cedar,Cabin,2026-09-11,2026-09-14,2026-09-01 00:00,airbnb,955.32,1
10344,OK,Summit,Lodge,2025-06-02,2025-06-07,2025-05-20 00:00,website,1936.26,2
11197,OK,Cedar,Cabin,2026-08-20,2026-08-23,2026-07-17 00:00,Airbnb,1164.14,5
10590,OK,Birch,Cabin,2025-09-12,2025-09-14,2025-08-20 00:00,airbnb,699.51,3
10710,OK,Summit,Lodge,2025-11-18,,2025-11-15 00:00,vrbo,160.33,4
10577,OK,Summit,Lodge,2025-09-04,2025-09-07,2025-08-19 00:00,website,1163.97,3
11096,OK,Cedar,Cabin,2026-07-12,2026-07-13,2026-06-28 00:00,Airbnb,284.56,2
10754,OK,Cedar,Cabin,2025-12-24,2025-12-28,2025-12-17 00:00,airbnb,605.29,4
11070,OK,Birch,Cabin,2026-06-30,2026-07-02,2026-06-27 00:00,airbnb,534.8,1
10176,OK,Aspen,Cabin,2025-02-03,2025-02-05,2025-01-21 00:00,website,262.91,5
11199,OK,Ridge,Lodge,2026-08-20,2026-08-25,2026-07-24 00:00,vrbo,2784.54,5
10207,OK,Cedar,Cabin,2025-03-13,2025-03-16,2025-01-02 00:00,Vrbo,516.2,5
10246,OK,Summit,Lodge,2025-04-13,2025-04-15,2025-04-05 00:00,airbnb,494.7,1
10540,OK,Birch,Cabin,2025-08-21,2025-08-23,2025-07-11 00:00,website,646.78,1
10509,OK,Birch,Cabin,2025-08-06,2025-08-09,2025-07-23 00:00,vrbo,839.93,5
10666,OK,Ridge,Lodge,2025-10-18,2025-10-19,2025-10-17 00:00,airbnb,456.89,3
10799,OK,Summit,Lodge,2026-01-30,2026-01-31,2025-08-28 00:00,website,279.96,5
11260,OK,Summit,Lodge,2026-09-16,2026-09-19,2026-09-07 00:00,Airbnb,952.69,1
10624,OK,Summit,Lodge,2025-09-26,2025-09-28,2025-09-25 00:00,Airbnb,803.82,1
10317,OK,Aspen,Cabin,2025-05-19,2025-05-22,2025-05-17 00:00,airbnb,619.85,2
11276,OK,Cedar,Cabin,2026-09-25,2026-09-27,2026-08-29 00:00,website,553.21,1
10888,OK,Aspen,Cabin,2026-04-01,2026-04-02,2026-03-29 00:00,website,221.32,5
10177,OK,Summit,Lodge,2025-02-03,2025-02-06,2024-12-04 00:00,website,549.36,5
11033,OK,Ridge,Lodge,2026-06-15,2026-06-17,2026-01-04 00:00,website,777.21,1
10023,OK,Birch,Cabin,2024-10-13,2024-10-16,2024-09-13 00:00,airbnb,630.54,1
10588,OK,Cedar,Cabin,2025-09-11,2025-09-13,2025-08-11 00:00,airbnb,530.7,2
11005,OK,Summit,Lodge,2026-06-02,2026-06-03,2026-03-13 00:00,phone,393.18,3
10192,OK,Birch,Cabin,2025-02-25,2025-02-28,2025-02-21 00:00,Airbnb,339.46,4
10771,OK,Cedar,Cabin,2026-01-04,2026-01-05,2025-12-30 00:00,vrbo,135.76,5
10933,OK,Summit,Lodge,2026-04-25,2026-04-28,2026-04-19 00:00,website,1218.0,4
10145,OK,Cedar,Cabin,2025-01-06,2025-01-09,2024-11-18 00:00,airbnb,422.69,2
10406,OK,Birch,Cabin,2025-06-26,2025-06-27,2025-06-21 00:00,airbnb,342.82,5
10098,OK,Ridge,Lodge,2024-11-25,2024-11-27,2024-11-14 00:00,vrbo,390.75,2
11086,OK,Birch,Cabin,2026-07-08,2026-07-10,2026-07-02 00:00,Phone,513.99,1
10473,OK,Summit,Lodge,2025-07-20,2025-07-24,2025-06-25 00:00,website,1745.95,2
10013,OK,Summit,Lodge,2024-10-07,2024-10-08,2024-09-30 00:00,website,265.73,2
10499,OK,Ridge,Lodge,2025-07-31,2025-08-02,2025-07-20 00:00,airbnb,953.7,4
10823,OK,Aspen,Cabin,2026-02-15,2026-02-17,2026-02-03 00:00,website,328.81,3
11223,OK,Ridge,Lodge,2026-08-29,2026-08-31,2026-08-25 00:00,Airbnb,1262.78,5
10038,OK,Birch,Cabin,2024-10-20,2024-10-21,2024-10-14 00:00,airbnb,185.48,3
10393,OK,Aspen,Cabin,2025-06-20,2025-06-22,2025-06-15 00:00,vrbo,1083.04,3
10195,OK,Birch,Cabin,2025-03-01,2025-03-03,2025-02-20 00:00,airbnb,455.88,4
11241,OK,Aspen,Cabin,2026-09-08,2026-09-10,2026-08-29 00:00,vrbo,318.3,1
10605,OK,Birch,Cabin,2025-09-19,2025-09-21,2025-09-16 00:00,website,697.98,1
10356,OK,Summit,Lodge,2025-06-07,2025-06-08,2025-05-13 00:00,airbnb,713.18,5
10654,OK,Ridge,Lodge,2025-10-13,2025-10-17,2025-07-13 00:00,website,1050.6,1
10011,OK,Ridge,Lodge,2024-10-06,2024-10-07,2024-09-25 00:00,airbnb,247.03,4
10541,OK,Cedar,Cabin,2025-08-21,2025-08-23,2025-07-29 00:00,phone,769.04,1
10644,OK,Cedar,Cabin,2025-10-09,2025-10-13,2025-10-03 00:00,Airbnb,986.27,3
10621,OK,Birch,Cabin,2025-09-25,2025-09-27,2025-09-05 00:00,airbnb,406.04,1
11234,OK,Aspen,Cabin,2026-09-03,2026-09-05,2026-08-25 00:00,airbnb,539.93,2
11122,OK,Ridge,Lodge,2026-07-19,2026-07-21,2026-07-10 00:00,airbnb,892.89,3
10538,OK,Ridge,Lodge,2025-08-20,2025-08-22,2025-07-28 00:00,Website,804.27,3
10797,OK,Aspen,Cabin,2026-01-30,2026-01-31,2026-01-17 00:00,phone,211.08,2
10211,CANX,Ridge,Lodge,2025-03-16,2025-03-19,2025-03-02 00:00,airbnb,658.39,2
10961,OK,Ridge,Lodge,2026-05-11,2026-05-12,2026-04-29 00:00,website,251.07,4
10857,OK,Cedar,Cabin,2026-03-17,2026-03-20,2026-02-28 00:00,website,444.26,3
11320,OK,Aspen,Cabin,2026-11-04,2026-11-02,2026-08-23 00:00,website,321.55,5
11219,OK,Summit,Lodge,2026-08-28,2026-08-31,2026-08-13 00:00,airbnb,1992.55,5
10058,OK,Summit,Lodge,2024-10-28,2024-10-31,2024-10-24 00:00,Vrbo,803.68,4
10617,OK,Ridge,Lodge,2025-09-23,2025-09-24,2025-08-31 00:00,website,281.66,5
10224,OK,Ridge,Lodge,2025-03-28,2025-03-30,2025-03-16 00:00,Website,673.5,5
10292,OK,Ridge,Lodge,2025-05-06,2025-05-10,2025-04-28 00:00,vrbo,1073.14,2
10321,OK,Cedar,Cabin,2025-05-20,2025-05-22,2025-05-15 00:00,airbnb,367.43,3
11244,OK,Summit,Lodge,2026-09-08,2026-09-10,2026-06-14 00:00,airbnb,530.99,1
11257,OK,Ridge,Lodge,2026-09-14,2026-09-16,2026-08-28 00:00,Vrbo,588.94,5
11206,OK,Birch,Cabin,2026-08-23,2026-08-25,2026-07-05 00:00,phone,542.95,2
11003,OK,Birch,Cabin,2026-06-02,2026-06-05,2026-05-08 00:00,airbnb,820.92,5
10637,OK,Summit,Lodge,2025-10-05,2025-10-09,2025-05-19 00:00,airbnb,1006.12,1
11167,OK,Summit,Lodge,2026-08-08,2026-08-11,2026-07-24 00:00,airbnb,1586.12,1
10364,OK,Ridge,Lodge,2025-06-09,2025-06-12,2025-05-16 00:00,phone,1241.35,4
11110,OK,Cedar,Cabin,2026-07-16,2026-07-20,2026-06-22 00:00,Airbnb,1430.91,1
10851,OK,Aspen,Cabin,2026-03-13,2026-03-15,2026-03-05 00:00,airbnb,434.58,3
10571,OK,Summit,Lodge,2025-09-02,2025-09-04,2025-08-29 00:00,airbnb,500.73,5
10112,OK,Summit,Lodge,2024-12-09,2024-12-11,2024-11-28 00:00,airbnb,330.76,3
10360,OK,Summit,Lodge,2025-06-08,2025-06-11,2025-05-23 00:00,vrbo,1139.81,1
10646,OK,Ridge,Lodge,2025-10-10,2025-10-12,2025-06-09 00:00,phone,861.84,3
11049,OK,Aspen,Cabin,2026-06-21,2026-06-23,2026-06-05 00:00,Website,552.43,3
11331,OK,Birch,Cabin,2026-12-21,2026-12-23,2026-08-03 00:00,vrbo,236.36,2
10105,OK,Birch,Cabin,2024-12-05,2024-12-08,2024-10-02 00:00,vrbo,425.28,2
10089,OK,Ridge,Lodge,2024-11-18,2024-11-19,2024-06-12 00:00,vrbo,191.71,2
11336,OK,Ridge,Lodge,2026-12-28,2027-01-01,2026-08-04 00:00,Website,693.86,4
10724,OK,Aspen,Cabin,2025-12-03,2025-12-06,2025-11-09 00:00,website,417.31,1
10891,OK,Cedar,Cabin,2026-04-03,2026-04-07,2026-03-27 00:00,airbnb,1187.51,4
10304,OK,Aspen,Cabin,2025-05-12,2025-05-13,2025-04-30 00:00,website,202.45,5
10191,OK,Summit,Lodge,2025-02-23,2025-02-28,2025-01-22 00:00,Vrbo,982.97,1
10884,OK,Birch,Cabin,2026-03-30,2026-03-31,2026-03-20 00:00,Airbnb,151.73,5
10820,OK,Birch,Cabin,2026-02-12,2026-02-15,2026-01-27 00:00,website,522.38,1
10756,OK,Aspen,Cabin,2025-12-26,2025-12-27,2025-12-13 00:00,phone,220.88,5
10193,OK,Cedar,Cabin,2025-02-27,2025-03-02,2025-02-22 00:00,vrbo,471.37,4
10261,OK,Aspen,Cabin,2025-04-21,2025-04-24,2025-04-18 00:00,airbnb,556.75,2
11025,OK,Aspen,Cabin,2026-06-11,2026-06-13,2026-05-31 00:00,airbnb,698.68,1
11106,CANX,Cedar,Cabin,2026-07-15,2026-07-18,2026-05-22 00:00,website,895.81,4
10385,OK,Ridge,Lodge,2025-06-16,2025-06-17,2025-04-29 00:00,website,451.75,3
10876,OK,Aspen,Cabin,2026-03-25,2026-03-28,2025-12-13 00:00,airbnb,414.72,5
10494,CANX,Birch,Cabin,2025-07-29,2025-08-02,2025-07-14 00:00,vrbo,1104.45,1
10511,OK,Summit,Lodge,2025-08-06,2025-08-08,2025-07-14 00:00,airbnb,788.55,3
10490,OK,Birch,Cabin,2025-07-28,2025-07-31,2025-04-27 00:00,website,789.4,5
10685,OK,Birch,Cabin,2025-10-27,2025-10-30,2025-10-19 00:00,vrbo,542.54,2
10316,OK,Cedar,Cabin,2025-05-18,2025-05-20,2025-05-03 00:00,airbnb,402.95,4
10897,OK,Ridge,Lodge,2026-04-05,2026-04-07,2026-03-25 00:00,airbnb,545.75,1
10943,OK,Cedar,Cabin,2026-05-01,2026-05-05,2026-02-23 00:00,airbnb,1410.39,3
10196,OK,Aspen,Cabin,2025-03-02,2025-03-06,2025-02-28 00:00,website,716.62,2
10456,OK,Birch,Cabin,2025-07-14,2025-07-17,2025-06-21 00:00,airbnb,909.52,3
10536,OK,Aspen,Cabin,2025-08-20,2025-08-22,2025-06-20 00:00,Airbnb,565.06,5
10227,OK,Aspen,Cabin,2025-04-01,2025-04-03,2025-03-16 00:00,website,380.31,3
10204,OK,Cedar,Cabin,2025-03-10,2025-03-12,2025-03-08 00:00,airbnb,259.64,2
10640,OK,Aspen,Cabin,2025-10-08,2025-10-10,2025-09-15 00:00,vrbo,459.76,5
11063,OK,Aspen,Cabin,2026-06-28,2026-06-30,2026-06-06 00:00,Airbnb,601.15,2
10397,OK,Birch,Cabin,2025-06-21,2025-06-23,2025-06-10 00:00,Airbnb,939.39,1
10187,OK,Cedar,Cabin,2025-02-22,2025-02-24,2025-02-08 00:00,website,469.01,1
10829,OK,Summit,Lodge,2026-02-17,2026-02-18,2026-02-15 00:00,Airbnb,196.02,1
10581,OK,Ridge,Lodge,2025-09-05,2025-09-08,2025-08-16 00:00,airbnb,1340.64,1
10370,OK,Summit,Lodge,2025-06-11,2025-06-14,2025-05-20 00:00,phone,1435.93,4
10711,OK,Ridge,Lodge,2025-11-18,2025-11-19,2025-11-10 00:00,airbnb,196.44,2
10213,OK,Aspen,Cabin,2025-03-20,2025-03-22,2025-03-13 00:00,Website,323.32,3
10441,OK,Cedar,Cabin,2025-07-09,2025-07-13,2025-07-02 00:00,phone,1177.84,5
11330,OK,Aspen,Cabin,2026-12-05,2026-12-07,2026-08-23 00:00,airbnb,483.21,1
10641,OK,Birch,Cabin,2025-10-08,2025-10-10,2025-08-22 00:00,vrbo,480.1,1
11111,OK,Summit,Lodge,2026-07-16,2026-07-18,2026-05-26 00:00,phone,984.93,2
11242,OK,Birch,Cabin,2026-09-08,2026-09-10,2026-09-05 00:00,Airbnb,345.07,5
11189,OK,Birch,Cabin,2026-08-17,2026-08-22,2026-08-11 00:00,airbnb,1523.42,1
10378,OK,Aspen,Cabin,2025-06-14,2025-06-16,2025-02-12 00:00,vrbo,1072.92,5
10493,OK,Ridge,Lodge,2025-07-28,2025-07-30,2025-07-25 00:00,airbnb,835.65,2
10247,OK,Birch,Cabin,2025-04-14,2025-04-16,2025-03-19 00:00,phone,325.0,3
11121,OK,Summit,Lodge,2026-07-19,2026-07-24,2026-06-27 00:00,Website,2277.35,5
10024,OK,Summit,Lodge,2024-10-13,2024-10-17,2024-10-06 00:00,website,1196.92,3
10869,OK,Birch,Cabin,2026-03-22,2026-03-24,2026-03-03 00:00,website,293.46,4
11084,OK,Aspen,Cabin,2026-07-06,2026-07-08,2026-06-15 00:00,airbnb,579.49,5
10267,OK,Cedar,Cabin,2025-04-23,2025-04-25,2025-01-27 00:00,airbnb,369.08,4
10331,OK,Aspen,Cabin,2025-05-28,2025-05-29,2025-05-23 00:00,vrbo,210.76,4
11217,OK,Birch,Cabin,2026-08-27,2026-08-29,2026-04-09 00:00,Phone,685.51,3
10682,OK,Aspen,Cabin,2025-10-26,2025-10-31,2025-08-19 00:00,website,1085.56,4
10860,OK,Ridge,Lodge,2026-03-18,2026-03-22,2026-02-21 00:00,airbnb,854.52,4
10557,OK,Ridge,Lodge,2025-08-27,2025-08-31,2025-08-13 00:00,Vrbo,1901.72,2
11174,OK,Summit,Lodge,2026-08-11,2026-08-12,2026-07-30 00:00,airbnb,443.5,2
10029,OK,Cedar,Cabin,2024-10-16,2024-10-17,2024-10-11 00:00,website,209.91,2
10631,OK,Birch,Cabin,2025-10-03,2025-10-07,2025-09-24 00:00,phone,1370.16,5
10774,OK,Ridge,Lodge,2026-01-06,2026-01-09,2026-01-01 00:00,airbnb,547.81,5
10996,OK,Cedar,Cabin,2026-05-30,2026-06-04,2026-05-14 00:00,phone,1607.26,3
10995,OK,Aspen,Cabin,2026-05-30,2026-06-01,2026-05-16 00:00,vrbo,816.21,5
10717,OK,Aspen,Cabin,2025-11-23,2025-11-26,2025-07-04 00:00,vrbo,339.9,4
10758,OK,Ridge,Lodge,2025-12-26,2025-12-27,2025-12-18 00:00,Website,381.85,1
10887,OK,Ridge,Lodge,2026-03-31,2026-04-04,2026-01-26 00:00,Airbnb,628.5,4
10736,OK,Birch,Cabin,2025-12-13,2025-12-16,2025-11-25 00:00,vrbo,730.7,2
10373,OK,Cedar,Cabin,2025-06-12,2025-06-14,2025-04-21 00:00,airbnb,816.5,2
10264,OK,Birch,Cabin,2025-04-22,2025-04-24,2025-01-31 00:00,website,389.83,1
10113,OK,Ridge,Lodge,2024-12-10,2024-12-12,2024-11-24 00:00,airbnb,357.46,1
10162,OK,Birch,Cabin,2025-01-20,2025-01-22,2025-01-13 00:00,phone,275.0,5
11050,OK,Birch,Cabin,2026-06-21,2026-06-23,2026-03-30 00:00,website,632.87,5
10379,OK,Cedar,Cabin,2025-06-14,2025-06-17,2025-06-05 00:00,Website,1425.11,2
10312,OK,Ridge,Lodge,2025-05-16,2025-05-18,2025-04-20 00:00,Airbnb,768.3,2
10263,OK,Ridge,Lodge,2025-04-21,2025-04-23,2025-03-13 00:00,vrbo,576.69,3
11335,OK,Cedar,Cabin,2026-12-26,2026-12-29,2026-07-30 00:00,airbnb,648.68,3
10873,OK,Cedar,Cabin,2026-03-24,2026-03-28,2026-02-03 00:00,Airbnb,545.13,4
10524,OK,Cedar,Cabin,2025-08-12,2025-08-14,2025-06-17 00:00,website,453.78,1
10947,OK,Ridge,Lodge,2026-05-03,2026-05-07,2025-11-21 00:00,airbnb,1249.65,3
10230,CANX,Birch,Cabin,2025-04-03,2025-04-06,2024-11-11 00:00,Vrbo,845.98,2
10606,OK,Cedar,Cabin,2025-09-19,2025-09-21,2025-09-10 00:00,website,680.11,5
10814,OK,Cedar,Cabin,2026-02-07,2026-02-12,2025-09-07 00:00,Website,1131.65,4
10548,OK,Summit,Lodge,2025-08-23,2025-08-25,2025-07-19 00:00,website,1376.79,4
10919,OK,Summit,Lodge,2026-04-17,2026-04-20,2026-03-23 00:00,website,1375.52,3
10725,OK,Birch,Cabin,2025-12-03,2025-12-06,2025-11-29 00:00,Vrbo,411.7,2
10691,OK,Cedar,Cabin,2025-11-01,2025-11-03,2025-10-25 00:00,vrbo,332.44,1
10248,OK,Cedar,Cabin,2025-04-14,2025-04-17,2025-03-28 00:00,vrbo,582.12,5
10028,OK,Birch,Cabin,2024-10-16,2024-10-19,2024-05-29 00:00,airbnb,747.13,2
10715,OK,Cedar,Cabin,2025-11-21,2025-11-24,2025-11-03 00:00,website,703.11,1
10792,OK,Cedar,Cabin,2026-01-25,2026-01-26,2026-01-06 00:00,airbnb,146.71,4
10607,OK,Summit,Lodge,2025-09-19,2025-09-22,2025-08-04 00:00,website,1283.82,4
10556,OK,Summit,Lodge,2025-08-26,2025-08-29,2025-08-18 00:00,Website,1239.24,5
10781,OK,Birch,Cabin,2026-01-12,2026-01-16,2026-01-04 00:00,vrbo,539.93,1
10151,OK,Cedar,Cabin,2025-01-12,2025-01-15,2024-08-28 00:00,Airbnb,424.5,2
10452,CANX,Ridge,Lodge,2025-07-12,2025-07-15,2025-01-29 00:00,website,1969.16,1
10055,OK,Cedar,Cabin,2024-10-27,2024-10-30,2024-10-15 00:00,Vrbo,628.79,4
10167,OK,Summit,Lodge,2025-01-26,2025-01-29,2025-01-01 00:00,Vrbo,595.86,3
10600,OK,Summit,Lodge,2025-09-17,2025-09-19,2025-08-17 00:00,airbnb,523.98,2
11332,OK,Aspen,Cabin,2026-12-22,2026-12-24,2026-07-02 00:00,airbnb,280.69,3
10871,OK,Summit,Lodge,2026-03-23,2026-03-26,2025-10-16 00:00,website,568.04,3
10904,OK,Aspen,Cabin,2026-04-09,2026-04-11,2026-03-19 00:00,airbnb,470.71,3
10938,OK,Aspen,Cabin,2026-04-28,2026-05-02,2026-02-17 00:00,phone,729.21,2
10254,OK,Birch,Cabin,2025-04-18,2025-04-19,2024-12-24 00:00,airbnb,283.38,2
10632,OK,Cedar,Cabin,2025-10-03,2025-10-05,2025-09-24 00:00,airbnb,548.84,4
10597,OK,Cedar,Cabin,2025-09-16,2025-09-18,2025-09-05 00:00,phone,345.74,2
11079,OK,Birch,Cabin,2026-07-04,2026-07-06,2026-02-12 00:00,airbnb,818.99,5
10570,OK,Birch,Cabin,2025-09-02,2025-09-07,2025-08-22 00:00,website,867.16,5
10497,OK,Cedar,Cabin,2025-07-30,2025-08-04,2025-06-27 00:00,airbnb,1360.02,5
10302,OK,Cedar,Cabin,2025-05-11,2025-05-14,2025-04-20 00:00,Airbnb,544.02,3
11102,OK,Birch,Cabin,2026-07-14,2026-07-17,2026-07-07 00:00,airbnb,889.86,3
10003,OK,Cedar,Cabin,2024-10-02,2024-10-06,2024-09-23 00:00,airbnb,902.0,3
10700,OK,Birch,Cabin,2025-11-07,2025-11-12,2025-11-06 00:00,vrbo,1135.62,1
10517,OK,Cedar,Cabin,2025-08-08,2025-08-09,2025-07-21 00:00,website,470.08,2
10630,OK,Ridge,Lodge,2025-10-02,2025-10-04,2025-09-27 00:00,website,689.18,1
10529,OK,Ridge,Lodge,2025-08-14,2025-08-15,2025-08-09 00:00,Website,605.64,4
10104,CANX,Aspen,Cabin,2024-12-05,2024-12-06,2024-11-27 00:00,airbnb,168.36,5
10478,OK,Aspen,Cabin,2025-07-23,2025-07-26,2025-07-07 00:00,Airbnb,766.38,2
10883,OK,Summit,Lodge,2026-03-29,2026-03-31,2026-03-22 00:00,website,474.95,3
10778,OK,Summit,Lodge,2026-01-10,2026-01-11,2026-01-09 00:00,Airbnb,333.78,5
11198,OK,Summit,Lodge,2026-08-20,2026-08-21,2026-08-15 00:00,Airbnb,535.47,5
11075,OK,Aspen,Cabin,2026-07-02,2026-07-04,2026-05-26 00:00,website,742.65,1
10892,OK,Summit,Lodge,2026-04-03,2026-04-05,2026-03-10 00:00,Phone,863.68,1
11300,OK,Cedar,Cabin,2026-10-07,2026-10-10,2026-10-01 00:00,vrbo,665.11,4
10681,OK,Ridge,Lodge,2025-10-25,2025-10-28,2025-05-04 00:00,website,1264.7,5
10138,OK,Ridge,Lodge,2025-01-01,2025-01-03,2024-12-29 00:00,airbnb,396.05,4
10203,OK,Birch,Cabin,2025-03-10,2025-03-11,2024-10-05 00:00,airbnb,117.69,3
10129,OK,Aspen,Cabin,2024-12-26,2024-12-28,2024-12-22 00:00,Website,318.24,4
10854,OK,Birch,Cabin,2026-03-15,2026-03-17,2026-03-10 00:00,Airbnb,278.84,5
10737,CANX,Cedar,Cabin,2025-12-13,2025-12-17,2025-12-06 00:00,Vrbo,761.38,3
11194,OK,Aspen,Cabin,2026-08-19,2026-08-24,2026-08-08 00:00,Website,1587.21,5
10752,OK,Birch,Cabin,2025-12-23,2025-12-25,2025-08-19 00:00,website,269.61,5
10811,OK,Summit,Lodge,2026-02-06,2026-02-09,2026-02-06 00:00,Airbnb,928.44,2
10079,OK,Birch,Cabin,2024-11-11,2024-11-12,2024-09-22 00:00,website,144.38,2
11077,OK,Ridge,Lodge,2026-07-02,2026-07-05,2026-06-09 00:00,vrbo,1712.63,5
10062,OK,Ridge,Lodge,2024-10-30,2024-11-02,2024-10-11 00:00,Airbnb,883.41,5
10123,OK,Birch,Cabin,2024-12-23,2024-12-28,2024-12-16 00:00,website,658.9,3
10147,OK,Summit,Lodge,2025-01-07,2025-01-10,2024-12-25 00:00,airbnb,632.08,2
10827,OK,Ridge,Lodge,2026-02-16,2026-02-19,2026-02-09 00:00,phone,587.29,5
10394,CANX,Cedar,Cabin,2025-06-20,2025-06-23,2025-05-22 00:00,airbnb,1751.57,5
10070,OK,Ridge,Lodge,2024-11-02,2024-11-07,2024-10-26 00:00,Airbnb,1474.03,4
11228,OK,Birch,Cabin,2026-09-01,2026-09-02,2026-08-18 00:00,phone,205.84,2
11011,OK,Summit,Lodge,2026-06-04,2026-06-07,2026-04-25 00:00,Phone,1353.54,2
11213,OK,Ridge,Lodge,2026-08-25,2026-08-29,2026-07-22 00:00,airbnb,1423.21,4
11168,OK,Aspen,Cabin,2026-08-09,2026-08-11,2026-06-25 00:00,vrbo,731.76,3
10386,OK,Cedar,Cabin,2025-06-17,2025-06-20,2025-05-21 00:00,vrbo,752.37,5
10335,OK,Summit,Lodge,2025-05-30,2025-05-31,2025-04-04 00:00,vrbo,472.27,3
11162,OK,Cedar,Cabin,2026-08-06,2026-08-07,2026-08-01 00:00,airbnb,382.21,1
11092,OK,Ridge,Lodge,2026-07-10,2026-07-12,2026-03-07 00:00,Website,1228.62,3
10661,OK,Cedar,Cabin,2025-10-17,2025-10-20,2025-10-08 00:00,Website,975.88,3
10969,OK,Cedar,Cabin,2026-05-16,2026-05-18,2026-05-06 00:00,airbnb,644.13,4
11282,CANX,Aspen,Cabin,2026-09-28,2026-09-30,2026-08-30 00:00,vrbo,374.73,2
10251,OK,Ridge,Lodge,2025-04-15,2025-04-18,2025-02-25 00:00,website,870.07,2
11099,OK,Aspen,Cabin,2026-07-13,2026-07-15,2026-04-05 00:00,Website,497.5,5
11324,OK,Aspen,Cabin,2026-11-22,2026-11-24,2026-06-19 00:00,website,298.35,5
10435,OK,Ridge,Lodge,2025-07-06,2025-07-07,2025-06-26 00:00,Phone,485.49,5
10939,OK,Summit,Lodge,2026-04-28,2026-04-30,2026-01-07 00:00,airbnb,473.2,1
11211,OK,Cedar,Cabin,2026-08-25,2026-08-27,2026-08-10 00:00,vrbo,536.52,1
10022,OK,Ridge,Lodge,2024-10-12,2024-10-15,2024-10-05 00:00,airbnb,1217.46,2
10163,OK,Cedar,Cabin,2025-01-22,2025-01-24,2025-01-14 00:00,airbnb,303.52,2
10134,OK,Cedar,Cabin,2024-12-28,2024-12-30,2024-12-19 00:00,website,458.15,5
11037,OK,Summit,Lodge,2026-06-17,2026-06-18,2026-05-22 00:00,website,418.52,1
10125,OK,Ridge,Lodge,2024-12-23,2024-12-25,2024-12-15 00:00,airbnb,424.73,5
11132,OK,Aspen,Cabin,2026-07-24,2026-07-27,2026-07-04 00:00,airbnb,1461.0,2
10906,OK,Ridge,Lodge,2026-04-10,2026-04-11,2026-04-08 00:00,airbnb,480.91,2
10789,CANX,Cedar,Cabin,2026-01-22,2026-01-24,2026-01-17 00:00,Airbnb,393.5,4
10686,OK,Cedar,Cabin,2025-10-27,2025-10-30,2025-10-05 00:00,airbnb,482.46,1
10296,OK,Birch,Cabin,2025-05-09,2025-05-11,2025-04-28 00:00,vrbo,593.31,3
10005,OK,Birch,Cabin,2024-10-03,2024-10-04,2024-08-05 00:00,vrbo,219.73,4
10678,OK,Birch,Cabin,2025-10-23,2025-10-25,2025-09-29 00:00,airbnb,562.4,4
10620,OK,Aspen,Cabin,2025-09-25,2025-09-27,2025-09-22 00:00,airbnb,494.68,1
10885,CANX,Cedar,Cabin,2026-03-31,2026-04-02,2026-03-16 00:00,website,255.81,5
10765,OK,Ridge,Lodge,2026-01-01,2026-01-05,2025-12-24 00:00,vrbo,944.7,5
10697,OK,Ridge,Lodge,2025-11-03,2025-11-05,2025-10-26 00:00,vrbo,428.92,3
10348,OK,Cedar,Cabin,2025-06-04,2025-06-07,2025-05-06 00:00,Vrbo,832.68,4
10273,OK,Summit,Lodge,2025-04-26,2025-04-28,2025-04-18 00:00,vrbo,830.7,3
10068,OK,Aspen,Cabin,2024-11-02,2024-11-04,2024-08-13 00:00,vrbo,490.74,4
10803,OK,Ridge,Lodge,2026-01-31,2026-02-02,2026-01-17 00:00,website,734.65,2
10358,OK,Birch,Cabin,2025-06-08,2025-06-11,2025-05-16 00:00,Airbnb,905.76,5
10259,OK,Birch,Cabin,2025-04-20,2025-04-22,2025-04-14 00:00,airbnb,452.97,5
10788,OK,Aspen,Cabin,2026-01-21,2026-01-24,2026-01-17 00:00,phone,413.95,4
10550,OK,Birch,Cabin,2025-08-24,2025-08-25,2025-07-06 00:00,vrbo,319.37,2
10438,OK,Summit,Lodge,2025-07-07,2025-07-10,2025-05-24 00:00,airbnb,1314.73,3
10828,OK,Aspen,Cabin,2026-02-17,2026-02-18,2025-12-02 00:00,vrbo,121.5,3
11054,OK,Ridge,Lodge,2026-06-22,2026-06-23,2026-05-29 00:00,airbnb,359.52,2
10183,OK,Summit,Lodge,2025-02-09,2025-02-10,2024-10-25 00:00,airbnb,185.9,5
10223,OK,Summit,Lodge,2025-03-28,2025-04-02,2025-03-13 00:00,airbnb,1777.33,5
10908,OK,Aspen,Cabin,2026-04-12,2026-04-17,2026-04-06 00:00,Vrbo,982.35,3
10206,OK,Birch,Cabin,2025-03-12,2025-03-15,2025-03-05 00:00,phone,458.67,1
10863,OK,Aspen,Cabin,2026-03-20,2026-03-22,2026-03-19 00:00,airbnb,453.69,1
11218,OK,Cedar,Cabin,2026-08-28,2026-08-31,2026-08-16 00:00,airbnb,1362.75,4
10901,OK,Birch,Cabin,2026-04-07,2026-04-12,2026-03-25 00:00,phone,893.26,4
10185,OK,Aspen,Cabin,2025-02-16,2025-02-14,2025-02-07 00:00,Website,428.38,3
10454,CANX,Cedar,Cabin,2025-07-13,2025-07-15,2025-06-22 00:00,website,546.13,3
10103,OK,Summit,Lodge,2024-12-04,2024-12-07,2024-12-03 00:00,airbnb,659.87,2
10236,OK,Cedar,Cabin,2025-04-07,2025-04-09,2025-03-21 00:00,website,423.76,3
10172,OK,Cedar,Cabin,2025-01-29,2025-01-31,2024-12-14 00:00,airbnb,313.69,4
10076,OK,Aspen,Cabin,2024-11-10,2024-11-14,2024-11-02 00:00,Airbnb,600.9,4
11277,OK,Aspen,Cabin,2026-09-26,2026-09-28,2026-08-23 00:00,phone,602.65,4
11301,OK,Birch,Cabin,2026-10-09,2026-10-10,2026-09-30 00:00,Vrbo,304.64,2
10702,OK,Ridge,Lodge,2025-11-10,2025-11-11,2025-10-29 00:00,vrbo,170.6,2
10410,OK,Aspen,Cabin,2025-06-28,2025-06-30,2025-06-15 00:00,website,1108.51,2
10619,OK,Ridge,Lodge,2025-09-24,2025-09-27,2025-08-18 00:00,phone,705.36,5
10425,OK,Cedar,Cabin,2025-07-03,2025-07-05,2025-07-02 00:00,Airbnb,602.96,5
10942,OK,Birch,Cabin,2026-05-01,2026-05-03,2026-04-27 00:00,Website,681.45,2
11323,OK,Cedar,Cabin,2026-11-15,2026-11-18,2026-06-07 00:00,website,426.99,2
10748,OK,Cedar,Cabin,2025-12-19,2025-12-24,2025-12-07 00:00,website,1171.91,5
10623,OK,Cedar,Cabin,2025-09-26,2025-09-27,2025-09-10 00:00,airbnb,312.47,2
10059,CANX,Cedar,Cabin,2024-10-29,2024-10-30,2024-10-26 00:00,airbnb,174.46,4
10834,OK,Birch,Cabin,2026-02-21,2026-02-25,2025-10-21 00:00,website,895.15,1
10374,OK,Ridge,Lodge,2025-06-12,2025-06-13,2025-04-23 00:00,Website,502.26,2
10455,OK,Ridge,Lodge,2025-07-15,2025-07-13,2025-07-11 00:00,website,805.66,1
10271,OK,Birch,Cabin,2025-04-25,2025-04-26,2024-12-02 00:00,vrbo,312.04,5
10139,OK,Cedar,Cabin,2025-01-02,2025-01-05,2024-12-29 00:00,Phone,509.04,4
10950,OK,Aspen,Cabin,2026-05-05,2026-05-07,2026-04-24 00:00,website,360.1,5
11317,OK,Cedar,Cabin,2026-10-28,2026-10-30,2026-09-28 00:00,airbnb,438.32,4
10168,OK,Birch,Cabin,2025-01-27,2025-01-29,2024-09-28 00:00,website,299.62,3
10415,OK,Cedar,Cabin,2025-06-29,2025-07-02,2025-05-18 00:00,Website,936.5,4
10020,OK,Aspen,Cabin,2024-10-12,2024-10-15,2024-09-15 00:00,website,858.55,5
10796,OK,Summit,Lodge,2026-01-27,2026-01-29,2026-01-21 00:00,phone,349.98,3
10239,OK,Cedar,Cabin,2025-04-09,2025-04-11,2025-03-16 00:00,phone,378.18,3
10056,OK,Ridge,Lodge,2024-10-27,2024-10-28,2024-10-08 00:00,website,310.39,1
10047,OK,Summit,Lodge,2024-10-24,2024-10-27,2024-09-22 00:00,airbnb,1184.6,2
10243,OK,Aspen,Cabin,2025-04-12,2025-04-13,2024-11-21 00:00,Website,289.03,2
11164,OK,Ridge,Lodge,2026-08-07,2026-08-08,2026-07-11 00:00,airbnb,647.95,2
11256,OK,Cedar,Cabin,2026-09-14,2026-09-16,2026-08-14 00:00,airbnb,410.1,1
10960,OK,Ridge,Lodge,2026-05-10,2026-05-11,2026-04-27 00:00,vrbo,332.09,2
10189,OK,Aspen,Cabin,2025-02-23,2025-02-25,2025-02-10 00:00,airbnb,289.16,2
10285,OK,Aspen,Cabin,2025-05-03,2025-05-08,2025-02-25 00:00,vrbo,1618.57,5
10319,OK,Ridge,Lodge,2025-05-19,2025-05-21,2025-05-11 00:00,vrbo,553.62,4
10170,OK,Ridge,Lodge,2025-01-27,2025-01-30,2024-10-28 00:00,website,465.23,1
10954,OK,Cedar,Cabin,2026-05-08,2026-05-13,2026-04-08 00:00,airbnb,1456.84,5
11269,OK,Birch,Cabin,2026-09-21,2026-09-22,2026-08-31 00:00,phone,204.75,2
10798,OK,Cedar,Cabin,2026-01-30,,2025-12-05 00:00,vrbo,228.19,2
10389,OK,Summit,Lodge,2025-06-18,2025-06-22,2025-06-08 00:00,Airbnb,1677.18,2
10677,OK,Aspen,Cabin,2025-10-23,2025-10-25,2025-10-14 00:00,vrbo,533.14,1
10982,OK,Cedar,Cabin,2026-05-23,2026-05-25,2026-04-21 00:00,airbnb,588.72,4
10164,CANX,Cedar,Cabin,2025-01-23,2025-01-25,2025-01-20 00:00,Airbnb,387.97,4
10093,OK,Summit,Lodge,2024-11-21,2024-11-25,2024-10-27 00:00,airbnb,1028.07,3
10094,OK,Aspen,Cabin,2024-11-22,2024-11-23,2024-11-20 00:00,airbnb,253.71,4
11040,OK,Summit,Lodge,2026-06-18,2026-06-20,2026-05-11 00:00,airbnb,1023.64,5
11057,CANX,Birch,Cabin,2026-06-24,2026-06-26,2026-05-21 00:00,website,553.1,4
10339,OK,Cedar,Cabin,2025-05-31,2025-06-01,2025-05-11 00:00,airbnb,285.76,3
11062,OK,Summit,Lodge,2026-06-27,2026-06-29,2026-03-29 00:00,vrbo,1298.37,4
11327,OK,Aspen,Cabin,2026-12-01,2026-12-02,2026-09-04 00:00,Airbnb,126.57,1
10768,OK,Summit,Lodge,2026-01-03,2026-01-05,2025-08-19 00:00,airbnb,481.31,4
10831,OK,Summit,Lodge,2026-02-19,2026-02-21,2026-02-18 00:00,airbnb,537.35,2
10707,OK,Summit,Lodge,2025-11-14,2025-11-15,2025-10-29 00:00,airbnb,238.78,3
10081,OK,Ridge,Lodge,2024-11-12,2024-11-17,2024-11-08 00:00,airbnb,894.38,4
10340,OK,Summit,Lodge,2025-05-31,2025-06-01,2025-03-06 00:00,airbnb,393.78,3
10555,OK,Cedar,Cabin,2025-08-26,2025-08-29,2025-07-22 00:00,vrbo,703.25,3
11201,OK,Summit,Lodge,2026-08-21,2026-08-22,2026-08-11 00:00,airbnb,805.2,1
10817,OK,Aspen,Cabin,2026-02-10,2026-02-11,2026-01-30 00:00,phone,136.15,2
10694,OK,Birch,Cabin,2025-11-03,2025-11-05,2025-10-25 00:00,Airbnb,282.02,4
11232,OK,Cedar,Cabin,2026-09-02,2026-09-04,2026-08-27 00:00,vrbo,343.64,5
10985,OK,Birch,Cabin,2026-05-24,2026-05-27,2026-05-22 00:00,airbnb,611.32,2
11322,OK,Birch,Cabin,2026-11-13,2026-11-16,2026-05-31 00:00,website,689.07,3
11286,OK,Birch,Cabin,2026-10-01,2026-10-04,2026-09-09 00:00,airbnb,783.12,2
11093,OK,Aspen,Cabin,2026-07-11,2026-07-12,2026-07-04 00:00,Website,481.52,2
10527,OK,Aspen,Cabin,2025-08-14,2025-08-17,2025-07-31 00:00,vrbo,942.38,2
10690,OK,Birch,Cabin,2025-10-31,2025-11-03,2025-07-16 00:00,airbnb,872.26,1
10504,OK,Ridge,Lodge,2025-08-02,2025-08-04,2025-06-15 00:00,phone,1390.91,2
10818,OK,Ridge,Lodge,2026-02-10,2026-02-12,2025-12-10 00:00,website,356.09,5
10695,OK,Cedar,Cabin,2025-11-03,2025-11-05,2025-10-23 00:00,vrbo,279.69,3
10889,OK,Aspen,Cabin,2026-04-02,2026-04-03,2026-03-14 00:00,vrbo,255.61,1
10773,OK,Summit,Lodge,2026-01-06,2026-01-08,2026-01-02 00:00,airbnb,304.86,2
10714,OK,Aspen,Cabin,2025-11-21,2025-11-23,2025-11-06 00:00,vrbo,433.04,3
11104,OK,Summit,Lodge,2026-07-14,2026-07-15,2026-07-01 00:00,airbnb,413.43,3
10431,OK,Aspen,Cabin,2025-07-06,2025-07-07,2025-01-15 00:00,airbnb,313.78,2
11098,OK,Ridge,Lodge,2026-07-12,2026-07-13,2026-04-14 00:00,airbnb,480.78,4
10031,OK,Cedar,Cabin,2024-10-17,2024-10-20,2024-05-31 00:00,Vrbo,763.9,3
10896,OK,Summit,Lodge,2026-04-05,2026-04-06,2026-03-17 00:00,phone,297.05,5
11041,OK,Aspen,Cabin,2026-06-19,2026-06-21,2026-04-23 00:00,Website,898.26,5
11029,CANX,Aspen,Cabin,2026-06-13,2026-06-17,2026-05-20 00:00,website,1813.5,5
10039,OK,Cedar,Cabin,2024-10-20,2024-10-24,2024-10-05 00:00,vrbo,944.83,3
11221,OK,Birch,Cabin,2026-08-29,2026-08-31,2026-07-09 00:00,Airbnb,1038.93,5
10629,OK,Cedar,Cabin,2025-09-30,2025-10-02,2025-09-21 00:00,Website,349.91,4
