property,reservation_id,status,unit,unit_type,check_in,check_out,booked_on,channel,nightly_rate_net,nights,is_date_swapped,is_missing_departure
Pine Ridge Cabins,10111,Cancelled,Aspen,Cabin,2024-12-09,2024-12-10,2024-12-04,Airbnb,128.19,1.0,False,False
Pine Ridge Cabins,10760,Confirmed,Summit,Lodge,2025-12-27,2025-12-29,2025-12-22,Airbnb,274.12,2.0,False,False
Pine Ridge Cabins,10763,Confirmed,Birch,Cabin,2025-12-30,2025-12-31,2025-12-28,Vrbo,115.46,1.0,False,False
Pine Ridge Cabins,10480,Confirmed,Summit,Lodge,2025-07-24,2025-07-27,2025-03-07,Vrbo,508.3,3.0,False,False
Pine Ridge Cabins,10932,Confirmed,Cedar,Cabin,2026-04-25,2026-04-27,2026-04-21,Website,226.39,2.0,False,False
Pine Ridge Cabins,10518,Confirmed,Summit,Lodge,2025-08-08,2025-08-10,2025-07-27,Vrbo,594.65,2.0,False,False
Pine Ridge Cabins,10184,Confirmed,Ridge,Lodge,2025-02-12,2025-02-13,2025-02-05,Phone,177.36,1.0,False,False
Pine Ridge Cabins,10824,Confirmed,Summit,Lodge,2026-02-15,2026-02-16,2026-02-07,Airbnb,169.1,1.0,False,False
Pine Ridge Cabins,10396,Cancelled,Ridge,Lodge,2025-06-20,2025-06-23,2025-05-22,Vrbo,610.58,3.0,False,False
Pine Ridge Cabins,10745,Confirmed,Aspen,Cabin,2025-12-18,2025-12-19,2025-09-08,Airbnb,149.95,1.0,False,False
Pine Ridge Cabins,11020,Confirmed,Aspen,Cabin,2026-06-08,2026-06-10,2026-06-02,Website,272.15,2.0,False,False
Pine Ridge Cabins,11173,Confirmed,Birch,Cabin,2026-08-11,2026-08-14,2026-07-25,Phone,254.95,3.0,False,False
Pine Ridge Cabins,10032,Confirmed,Summit,Lodge,2024-10-17,2024-10-20,2024-09-27,Website,328.64,3.0,False,False
Pine Ridge Cabins,10547,Confirmed,Cedar,Cabin,2025-08-23,2025-08-26,2025-05-29,Website,392.96,3.0,False,False
Pine Ridge Cabins,11012,Confirmed,Birch,Cabin,2026-06-05,2026-06-08,2026-06-02,Vrbo,464.19,3.0,False,False
Pine Ridge Cabins,11266,Confirmed,Summit,Lodge,2026-09-19,2026-09-23,2026-09-18,Vrbo,358.76,4.0,False,False
Pine Ridge Cabins,10912,Confirmed,Ridge,Lodge,2026-04-13,2026-04-17,2026-04-11,Website,304.08,4.0,False,False
Pine Ridge Cabins,10232,Confirmed,Summit,Lodge,2025-04-04,,2025-03-24,Airbnb,,,False,True
Pine Ridge Cabins,10121,Confirmed,Summit,Lodge,2024-12-20,2024-12-25,2024-07-12,Phone,285.66,5.0,False,False
Pine Ridge Cabins,10650,Confirmed,Aspen,Cabin,2025-10-12,2025-10-14,2025-10-02,Airbnb,199.06,2.0,False,False
Pine Ridge Cabins,10300,Confirmed,Ridge,Lodge,2025-05-10,2025-05-15,2025-04-22,Vrbo,423.81,5.0,False,False
Pine Ridge Cabins,10909,Confirmed,Birch,Cabin,2026-04-12,2026-04-13,2026-03-19,Airbnb,210.19,1.0,False,False
Pine Ridge Cabins,10328,Confirmed,Cedar,Cabin,2025-05-26,2025-05-27,2025-05-23,Vrbo,194.84,1.0,False,False
Pine Ridge Cabins,11308,Confirmed,Cedar,Cabin,2026-10-14,2026-10-16,2026-08-05,Airbnb,154.01,2.0,False,False
Pine Ridge Cabins,11083,Confirmed,Summit,Lodge,2026-07-05,2026-07-10,2026-05-28,Airbnb,336.66,5.0,False,False
Pine Ridge Cabins,11107,Confirmed,Summit,Lodge,2026-07-15,2026-07-16,2026-03-24,Airbnb,395.21,1.0,False,False
Pine Ridge Cabins,10549,Confirmed,Aspen,Cabin,2025-08-24,2025-08-26,2025-07-18,Vrbo,290.4,2.0,False,False
Pine Ridge Cabins,11142,Confirmed,Cedar,Cabin,2026-07-28,2026-07-31,2026-07-04,Airbnb,242.42,3.0,False,False
Pine Ridge Cabins,10927,Confirmed,Birch,Cabin,2026-04-21,2026-04-24,2026-03-24,Airbnb,164.22,3.0,False,False
Pine Ridge Cabins,10443,Confirmed,Ridge,Lodge,2025-07-09,2025-07-13,2025-05-13,Airbnb,328.01,4.0,False,False
Pine Ridge Cabins,10329,Confirmed,Cedar,Cabin,2025-05-27,2025-05-29,2025-04-24,Website,161.29,2.0,False,False
Pine Ridge Cabins,10182,Confirmed,Ridge,Lodge,2025-02-06,2025-02-08,2025-02-04,Website,214.08,2.0,False,False
Pine Ridge Cabins,10526,Confirmed,Birch,Cabin,2025-08-13,2025-08-15,2025-07-14,Website,231.12,2.0,False,False
Pine Ridge Cabins,10082,Confirmed,Birch,Cabin,2024-11-13,2024-11-15,2024-11-09,Website,139.04,2.0,False,False
Pine Ridge Cabins,10507,Confirmed,Cedar,Cabin,2025-08-05,2025-08-08,2025-03-06,Airbnb,235.72,3.0,False,False
Pine Ridge Cabins,10337,Confirmed,Aspen,Cabin,2025-05-31,2025-06-01,2025-05-25,Website,231.39,1.0,False,False
Pine Ridge Cabins,10179,Confirmed,Aspen,Cabin,2025-02-05,2025-02-07,2024-09-03,Airbnb,140.78,2.0,False,False
Pine Ridge Cabins,11310,Confirmed,Cedar,Cabin,2026-10-16,2026-10-19,2026-07-23,Airbnb,284.36,3.0,False,False
Pine Ridge Cabins,10967,Confirmed,Cedar,Cabin,2026-05-15,2026-05-16,2026-05-09,Phone,275.21,1.0,False,False
Pine Ridge Cabins,10214,Confirmed,Cedar,Cabin,2025-03-20,2025-03-21,2025-03-08,Airbnb,167.85,1.0,False,False
Pine Ridge Cabins,10220,Cancelled,Birch,Cabin,2025-03-24,2025-03-26,2025-03-22,Website,128.75,2.0,False,False
Pine Ridge Cabins,10233,Confirmed,Birch,Cabin,2025-04-05,2025-04-08,2024-11-10,Website,264.7,3.0,False,False
Pine Ridge Cabins,10258,Confirmed,Ridge,Lodge,2025-04-19,2025-04-21,2025-04-17,Phone,343.77,2.0,False,False
Pine Ridge Cabins,10476,Confirmed,Cedar,Cabin,2025-07-22,2025-07-25,2025-06-24,Airbnb,249.35,3.0,False,False
Pine Ridge Cabins,10962,Confirmed,Birch,Cabin,2026-05-12,2026-05-16,2025-11-18,Airbnb,157.32,4.0,False,False
Pine Ridge Cabins,10487,Confirmed,Cedar,Cabin,2025-07-27,2025-07-30,2025-03-05,Website,275.31,3.0,False,False
Pine Ridge Cabins,10830,Confirmed,Aspen,Cabin,2026-02-19,2026-02-24,2026-02-17,Phone,144.2,5.0,False,False
Pine Ridge Cabins,10077,Confirmed,Ridge,Lodge,2024-11-10,2024-11-12,2024-10-31,Airbnb,197.88,2.0,False,False
Pine Ridge Cabins,10865,Cancelled,Ridge,Lodge,2026-03-20,2026-03-21,2026-03-18,Vrbo,321.47,1.0,False,False
Pine Ridge Cabins,10099,Confirmed,Ridge,Lodge,2024-11-30,2024-12-02,2024-11-08,Airbnb,261.85,2.0,False,False
Pine Ridge Cabins,10046,Confirmed,Birch,Cabin,2024-10-24,2024-10-26,2024-09-28,Phone,215.29,2.0,False,False
Pine Ridge Cabins,10794,Confirmed,Cedar,Cabin,2026-01-26,2026-01-29,2026-01-21,Website,132.48,3.0,False,False
Pine Ridge Cabins,10683,Confirmed,Summit,Lodge,2025-10-26,2025-10-27,2025-06-26,Airbnb,236.28,1.0,False,False
Pine Ridge Cabins,11103,Confirmed,Cedar,Cabin,2026-07-14,2026-07-15,2026-07-01,Vrbo,264.37,1.0,False,False
Pine Ridge Cabins,10795,Confirmed,Birch,Cabin,2026-01-27,2026-01-29,2026-01-15,Vrbo,112.1,2.0,False,False
Pine Ridge Cabins,10419,Confirmed,Birch,Cabin,2025-07-01,2025-07-04,2025-06-25,Airbnb,233.64,3.0,False,False
Pine Ridge Cabins,10671,Confirmed,Cedar,Cabin,2025-10-20,2025-10-25,2025-09-30,Website,181.76,5.0,False,False
Pine Ridge Cabins,11181,Confirmed,Birch,Cabin,2026-08-14,2026-08-17,2026-08-10,Phone,423.59,3.0,False,False
Pine Ridge Cabins,10501,Confirmed,Aspen,Cabin,2025-08-02,2025-08-06,2025-07-23,Airbnb,389.63,4.0,False,False
Pine Ridge Cabins,10800,Confirmed,Aspen,Cabin,2026-01-31,2026-02-03,2026-01-21,Airbnb,203.89,3.0,False,False
Pine Ridge Cabins,11032,Confirmed,Cedar,Cabin,2026-06-14,2026-06-15,2026-06-08,Airbnb,266.71,1.0,False,False
Pine Ridge Cabins,11105,Confirmed,Aspen,Cabin,2026-07-15,2026-07-17,2026-06-20,Airbnb,281.19,2.0,False,False
Pine Ridge Cabins,10326,Confirmed,Cedar,Cabin,2025-05-24,2025-05-25,2025-04-30,Airbnb,257.89,1.0,False,False
Pine Ridge Cabins,10652,Confirmed,Birch,Cabin,2025-10-13,2025-10-14,2025-07-27,Vrbo,172.58,1.0,False,False
Pine Ridge Cabins,10489,Confirmed,Aspen,Cabin,2025-07-28,2025-07-31,2025-07-15,Website,252.76,3.0,False,False
Pine Ridge Cabins,10903,Confirmed,Cedar,Cabin,2026-04-08,2026-04-12,2026-04-01,Website,184.6,4.0,False,False
Pine Ridge Cabins,10216,Confirmed,Summit,Lodge,2025-03-21,2025-03-25,2025-03-11,Airbnb,260.41,4.0,False,False
Pine Ridge Cabins,10313,Confirmed,Aspen,Cabin,2025-05-17,2025-05-19,2025-05-07,Website,279.78,2.0,False,False
Pine Ridge Cabins,11068,Confirmed,Summit,Lodge,2026-06-29,2026-06-30,2026-06-03,Phone,371.44,1.0,False,False
Pine Ridge Cabins,10656,Cancelled,Summit,Lodge,2025-10-14,2025-10-17,2025-10-03,Airbnb,216.14,3.0,False,False
Pine Ridge Cabins,10537,Confirmed,Summit,Lodge,2025-08-20,2025-08-23,2025-08-12,Website,334.0,3.0,False,False
Pine Ridge Cabins,10948,Confirmed,Birch,Cabin,2026-05-04,2026-05-06,2026-04-02,Phone,192.5,2.0,False,False
Pine Ridge Cabins,11268,Confirmed,Aspen,Cabin,2026-09-21,2026-09-24,2026-08-08,Airbnb,146.83,3.0,False,False
Pine Ridge Cabins,10074,Confirmed,Birch,Cabin,2024-11-09,2024-11-11,2024-11-01,Airbnb,166.0,2.0,False,False
Pine Ridge Cabins,10202,Confirmed,Birch,Cabin,2025-03-09,2025-03-10,2025-03-06,Phone,146.23,1.0,False,False
Pine Ridge Cabins,10160,Confirmed,Birch,Cabin,2025-01-18,2025-01-19,2024-09-15,Airbnb,187.26,1.0,False,False
Pine Ridge Cabins,10127,Confirmed,Cedar,Cabin,2024-12-25,2024-12-27,2024-12-21,Website,126.87,2.0,False,False
Pine Ridge Cabins,10812,Confirmed,Aspen,Cabin,2026-02-07,2026-02-09,2026-02-06,Airbnb,214.42,2.0,False,False
Pine Ridge Cabins,10835,Confirmed,Summit,Lodge,2026-02-21,2026-02-26,2026-01-30,Vrbo,276.33,5.0,False,False
Pine Ridge Cabins,11253,Confirmed,Birch,Cabin,2026-09-13,2026-09-14,2026-03-27,Website,195.89,1.0,False,False
Pine Ridge Cabins,11280,Confirmed,Summit,Lodge,2026-09-27,2026-09-30,2026-09-05,Website,294.35,3.0,False,False
Pine Ridge Cabins,10660,Confirmed,Aspen,Cabin,2025-10-17,2025-10-21,2025-10-06,Website,272.97,4.0,False,False
Pine Ridge Cabins,10793,Confirmed,Ridge,Lodge,2026-01-25,2026-01-27,2026-01-23,Airbnb,176.27,2.0,False,False
Pine Ridge Cabins,10777,Confirmed,Birch,Cabin,2026-01-10,2026-01-11,2025-07-25,Phone,206.24,1.0,False,False
Pine Ridge Cabins,10790,Confirmed,Ridge,Lodge,2026-01-23,2026-01-24,2026-01-20,Airbnb,309.0,1.0,False,False
Pine Ridge Cabins,10728,Confirmed,Ridge,Lodge,2025-12-07,2025-12-09,2025-12-01,Phone,182.58,2.0,False,False
Pine Ridge Cabins,10498,Confirmed,Summit,Lodge,2025-07-31,2025-08-02,2025-02-28,Airbnb,443.3,2.0,False,False
Pine Ridge Cabins,11248,Confirmed,Birch,Cabin,2026-09-11,2026-09-13,2026-03-25,Airbnb,274.04,2.0,False,False
Pine Ridge Cabins,10979,Confirmed,Aspen,Cabin,2026-05-22,2026-05-23,2026-01-13,Airbnb,297.6,1.0,False,False
Pine Ridge Cabins,10357,Confirmed,Aspen,Cabin,2025-06-08,2025-06-11,2025-01-30,Website,279.06,3.0,False,False
Pine Ridge Cabins,11010,Confirmed,Cedar,Cabin,2026-06-04,2026-06-06,2026-05-05,Vrbo,332.95,2.0,False,False
Pine Ridge Cabins,11066,Confirmed,Ridge,Lodge,2026-06-28,2026-07-01,2026-06-11,Website,383.05,3.0,False,False
Pine Ridge Cabins,10761,Confirmed,Ridge,Lodge,2025-12-28,2025-12-29,2025-12-12,Website,205.37,1.0,False,False
Pine Ridge Cabins,11172,Confirmed,Aspen,Cabin,2026-08-11,2026-08-16,2026-05-30,Website,250.64,5.0,False,False
Pine Ridge Cabins,10238,Confirmed,Ridge,Lodge,2025-04-08,2025-04-09,2025-01-07,Airbnb,192.9,1.0,False,False
Pine Ridge Cabins,10306,Confirmed,Summit,Lodge,2025-05-12,2025-05-16,2025-05-12,Phone,179.59,4.0,False,False
Pine Ridge Cabins,10965,Confirmed,Summit,Lodge,2026-05-14,2026-05-17,2026-05-10,Vrbo,284.19,3.0,False,False
Pine Ridge Cabins,10102,Confirmed,Cedar,Cabin,2024-12-04,2024-12-08,2024-07-30,Airbnb,114.73,4.0,False,False
Pine Ridge Cabins,10928,Confirmed,Ridge,Lodge,2026-04-22,2026-04-24,2026-04-21,Airbnb,222.41,2.0,False,False
Pine Ridge Cabins,10437,Confirmed,Birch,Cabin,2025-07-07,2025-07-08,2025-01-21,Airbnb,265.09,1.0,False,False
Pine Ridge Cabins,10343,Confirmed,Ridge,Lodge,2025-06-01,2025-06-05,2025-05-14,Airbnb,383.13,4.0,False,False
Pine Ridge Cabins,11039,Confirmed,Birch,Cabin,2026-06-18,2026-06-20,2026-02-25,Airbnb,337.84,2.0,False,False
Pine Ridge Cabins,10545,Confirmed,Ridge,Lodge,2025-08-22,2025-08-25,2025-07-08,Airbnb,625.74,3.0,False,False
Pine Ridge Cabins,10256,Cancelled,Summit,Lodge,2025-04-18,2025-04-19,2025-03-30,Website,404.4,1.0,False,False
Pine Ridge Cabins,10290,Confirmed,Cedar,Cabin,2025-05-05,2025-05-09,2025-03-10,Airbnb,183.0,4.0,False,False
Pine Ridge Cabins,11188,Confirmed,Cedar,Cabin,2026-08-16,2026-08-17,2026-08-01,Website,340.43,1.0,True,False
Pine Ridge Cabins,10381,Confirmed,Aspen,Cabin,2025-06-16,2025-06-17,2025-05-30,Vrbo,255.11,1.0,False,False
Pine Ridge Cabins,10215,Confirmed,Birch,Cabin,2025-03-21,2025-03-24,2025-03-14,Airbnb,185.88,3.0,False,False
Pine Ridge Cabins,11226,Confirmed,Cedar,Cabin,2026-08-31,2026-09-01,2026-07-12,Vrbo,223.97,1.0,False,False
Pine Ridge Cabins,10712,Confirmed,Birch,Cabin,2025-11-20,2025-11-21,2025-10-02,Airbnb,149.0,1.0,False,False
Pine Ridge Cabins,10001,Confirmed,Birch,Cabin,2024-10-01,2024-10-03,2024-07-31,Airbnb,175.48,2.0,False,False
Pine Ridge Cabins,10307,Confirmed,Cedar,Cabin,2025-05-14,2025-05-18,2025-05-06,Airbnb,169.93,4.0,False,False
Pine Ridge Cabins,10587,Confirmed,Birch,Cabin,2025-09-11,2025-09-12,2025-06-12,Airbnb,212.66,1.0,False,False
Pine Ridge Cabins,10955,Confirmed,Summit,Lodge,2026-05-08,2026-05-09,2025-12-03,Phone,407.57,1.0,False,False
Pine Ridge Cabins,11297,Confirmed,Aspen,Cabin,2026-10-05,2026-10-08,2026-09-21,Airbnb,175.06,3.0,False,False
Pine Ridge Cabins,10934,Confirmed,Aspen,Cabin,2026-04-26,2026-04-28,2025-11-26,Airbnb,192.08,2.0,False,False
Pine Ridge Cabins,10531,Confirmed,Birch,Cabin,2025-08-15,2025-08-18,2025-07-06,Airbnb,343.31,3.0,False,False
Pine Ridge Cabins,10770,Confirmed,Birch,Cabin,2026-01-04,2026-01-07,2025-12-18,Website,123.88,3.0,False,False
Pine Ridge Cabins,10726,Confirmed,Summit,Lodge,2025-12-06,2025-12-11,2025-11-24,Website,291.58,5.0,False,False
Pine Ridge Cabins,10231,Confirmed,Cedar,Cabin,2025-04-04,2025-04-05,2025-03-29,Vrbo,240.18,1.0,False,False
Pine Ridge Cabins,10858,Confirmed,Aspen,Cabin,2026-03-18,2026-03-20,2026-03-15,Airbnb,122.67,2.0,False,False
Pine Ridge Cabins,10503,Confirmed,Summit,Lodge,2025-08-02,2025-08-04,2025-07-29,Airbnb,562.72,2.0,False,False
Pine Ridge Cabins,11273,Confirmed,Ridge,Lodge,2026-09-22,2026-09-25,2026-08-24,Airbnb,305.22,3.0,False,False
Pine Ridge Cabins,10458,Confirmed,Aspen,Cabin,2025-07-15,2025-07-16,2025-05-01,Vrbo,253.55,1.0,False,False
Pine Ridge Cabins,10855,Confirmed,Ridge,Lodge,2026-03-15,2026-03-17,2026-02-28,Airbnb,171.64,2.0,False,False
Pine Ridge Cabins,11064,Confirmed,Cedar,Cabin,2026-06-28,2026-07-01,2026-05-25,Airbnb,219.81,3.0,False,False
Pine Ridge Cabins,11325,Confirmed,Summit,Lodge,2026-11-27,2026-11-29,2026-07-11,Website,252.45,2.0,False,False
Pine Ridge Cabins,11259,Confirmed,Cedar,Cabin,2026-09-16,2026-09-19,2026-07-30,Airbnb,163.71,3.0,False,False
Pine Ridge Cabins,10559,Confirmed,Birch,Cabin,2025-08-28,2025-08-31,2025-08-24,Airbnb,342.18,3.0,False,False
Pine Ridge Cabins,10401,Confirmed,Ridge,Lodge,2025-06-22,2025-06-25,2025-06-22,Vrbo,305.6,3.0,False,False
Pine Ridge Cabins,10719,Confirmed,Birch,Cabin,2025-11-25,2025-11-29,2025-11-04,Airbnb,129.28,4.0,False,False
Pine Ridge Cabins,10342,Confirmed,Cedar,Cabin,2025-06-01,2025-06-04,2025-05-16,Website,307.86,3.0,False,False
Pine Ridge Cabins,10514,Confirmed,Ridge,Lodge,2025-08-07,2025-08-12,2025-07-11,Website,445.66,5.0,False,False
Pine Ridge Cabins,10958,Confirmed,Aspen,Cabin,2026-05-10,2026-05-12,2025-12-04,Vrbo,206.33,2.0,False,False
Pine Ridge Cabins,10276,Confirmed,Aspen,Cabin,2025-04-29,2025-05-02,2025-04-08,Vrbo,155.87,3.0,False,False
Pine Ridge Cabins,10844,Confirmed,Ridge,Lodge,2026-03-03,2026-03-05,2026-02-06,Website,168.99,2.0,False,False
Pine Ridge Cabins,10255,Confirmed,Cedar,Cabin,2025-04-18,2025-04-20,2025-04-07,Website,250.43,2.0,False,False
Pine Ridge Cabins,10173,Confirmed,Summit,Lodge,2025-01-29,2025-02-01,2025-01-21,Phone,174.0,3.0,False,False
Pine Ridge Cabins,10042,Confirmed,Summit,Lodge,2024-10-21,2024-10-24,2024-10-18,Airbnb,248.8,3.0,False,False
Pine Ridge Cabins,10355,Confirmed,Cedar,Cabin,2025-06-07,2025-06-08,2025-01-01,Airbnb,426.81,1.0,False,False
Pine Ridge Cabins,11292,Confirmed,Cedar,Cabin,2026-10-03,2026-10-05,2026-04-19,Airbnb,286.36,2.0,False,False
Pine Ridge Cabins,10734,Confirmed,Ridge,Lodge,2025-12-10,2025-12-12,2025-12-07,Vrbo,183.24,2.0,False,False
Pine Ridge Cabins,10840,Confirmed,Summit,Lodge,2026-02-26,2026-02-28,2026-02-12,Website,244.38,2.0,False,False
Pine Ridge Cabins,10966,Confirmed,Aspen,Cabin,2026-05-15,2026-05-20,2026-05-09,Vrbo,290.42,5.0,False,False
Pine Ridge Cabins,10847,Confirmed,Aspen,Cabin,2026-03-06,2026-03-07,2026-02-26,Airbnb,205.1,1.0,False,False
Pine Ridge Cabins,10762,Confirmed,Cedar,Cabin,2025-12-29,2026-01-03,2025-12-25,Website,133.63,5.0,False,False
Pine Ridge Cabins,10568,Cancelled,Cedar,Cabin,2025-09-01,2025-09-04,2025-03-19,Airbnb,165.75,3.0,False,False
Pine Ridge Cabins,11127,Confirmed,Birch,Cabin,2026-07-22,2026-07-24,2026-06-22,Vrbo,267.9,2.0,False,False
Pine Ridge Cabins,10787,Confirmed,Birch,Cabin,2026-01-18,2026-01-21,2026-01-16,Phone,119.41,3.0,False,False
Pine Ridge Cabins,10898,Cancelled,Birch,Cabin,2026-04-06,2026-04-08,2026-03-29,Website,158.37,2.0,False,False
Pine Ridge Cabins,11275,Confirmed,Birch,Cabin,2026-09-25,2026-09-27,2026-09-07,Phone,250.7,2.0,False,False
Pine Ridge Cabins,10562,Confirmed,Aspen,Cabin,2025-08-30,2025-08-31,2025-08-02,Website,362.14,1.0,False,False
Pine Ridge Cabins,10333,Confirmed,Aspen,Cabin,2025-05-29,2025-05-30,2025-05-23,Airbnb,207.15,1.0,False,False
Pine Ridge Cabins,10782,Confirmed,Ridge,Lodge,2026-01-13,2026-01-14,2026-01-09,Vrbo,177.82,1.0,False,False
Pine Ridge Cabins,10272,Confirmed,Ridge,Lodge,2025-04-25,2025-04-27,2025-04-21,Website,330.39,2.0,False,False
Pine Ridge Cabins,10075,Confirmed,Summit,Lodge,2024-11-09,2024-11-11,2024-08-23,Website,285.96,2.0,False,False
Pine Ridge Cabins,10281,Confirmed,Birch,Cabin,2025-05-02,2025-05-04,2025-04-20,Website,255.03,2.0,False,False
Pine Ridge Cabins,11015,Confirmed,Aspen,Cabin,2026-06-06,2026-06-08,2026-05-14,Airbnb,445.98,2.0,False,False
Pine Ridge Cabins,10457,Confirmed,Cedar,Cabin,2025-07-14,2025-07-16,2025-07-06,Vrbo,241.97,2.0,False,False
Pine Ridge Cabins,11166,Confirmed,Cedar,Cabin,2026-08-08,2026-08-09,2026-07-08,Airbnb,422.99,1.0,False,False
Pine Ridge Cabins,10578,Cancelled,Birch,Cabin,2025-09-05,2025-09-07,2025-08-25,Airbnb,270.5,2.0,False,False
Pine Ridge Cabins,10533,Confirmed,Ridge,Lodge,2025-08-15,2025-08-18,2025-06-21,Airbnb,568.68,3.0,False,False
Pine Ridge Cabins,10229,Confirmed,Ridge,Lodge,2025-04-02,2025-04-06,2025-03-25,Website,226.24,4.0,False,False
Pine Ridge Cabins,10352,Confirmed,Ridge,Lodge,2025-06-05,2025-06-08,2025-02-11,Phone,421.03,3.0,False,False
Pine Ridge Cabins,10446,Confirmed,Aspen,Cabin,2025-07-11,2025-07-14,2025-06-15,Website,438.06,3.0,False,False
Pine Ridge Cabins,10936,Confirmed,Ridge,Lodge,2026-04-26,2026-04-27,2026-04-16,Airbnb,278.41,1.0,False,False
Pine Ridge Cabins,10645,Confirmed,Birch,Cabin,2025-10-10,2025-10-11,2025-10-07,Website,233.05,1.0,False,False
Pine Ridge Cabins,10066,Confirmed,Summit,Lodge,2024-11-01,2024-11-05,2024-10-17,Airbnb,352.11,4.0,False,False
Pine Ridge Cabins,10048,Confirmed,Aspen,Cabin,2024-10-25,2024-10-28,2024-05-21,Phone,295.86,3.0,False,False
Pine Ridge Cabins,11043,Confirmed,Ridge,Lodge,2026-06-19,2026-06-22,2026-04-24,Website,598.77,3.0,False,False
Pine Ridge Cabins,10161,Confirmed,Aspen,Cabin,2025-01-20,2025-01-21,2025-01-10,Airbnb,122.86,1.0,False,False
Pine Ridge Cabins,11326,Confirmed,Ridge,Lodge,2026-11-28,2026-11-30,2026-08-13,Vrbo,303.99,2.0,False,False
Pine Ridge Cabins,10140,Confirmed,Birch,Cabin,2025-01-03,2025-01-05,2024-12-23,Phone,235.12,2.0,False,False
Pine Ridge Cabins,10742,Confirmed,Ridge,Lodge,2025-12-15,2025-12-16,2025-12-14,Phone,193.82,1.0,False,False
Pine Ridge Cabins,10332,Confirmed,Summit,Lodge,2025-05-28,2025-05-30,2025-03-27,Website,260.18,2.0,False,False
Pine Ridge Cabins,10175,Confirmed,Birch,Cabin,2025-02-01,2025-02-04,2024-09-15,Phone,197.8,3.0,False,False
Pine Ridge Cabins,10421,Confirmed,Summit,Lodge,2025-07-01,2025-07-04,2025-06-22,Website,313.46,3.0,False,False
Pine Ridge Cabins,10786,Confirmed,Cedar,Cabin,2026-01-17,2026-01-19,2026-01-09,Airbnb,191.44,2.0,False,False
Pine Ridge Cabins,10586,Confirmed,Summit,Lodge,2025-09-09,2025-09-11,2025-08-15,Vrbo,252.05,2.0,False,False
Pine Ridge Cabins,10310,Confirmed,Ridge,Lodge,2025-05-15,2025-05-16,2025-02-06,Website,353.74,1.0,False,False
Pine Ridge Cabins,10875,Confirmed,Ridge,Lodge,2026-03-24,2026-03-27,2026-03-21,Website,136.15,3.0,False,False
Pine Ridge Cabins,10472,Confirmed,Cedar,Cabin,2025-07-20,2025-07-22,2025-05-11,Phone,300.15,2.0,False,False
Pine Ridge Cabins,10334,Confirmed,Birch,Cabin,2025-05-30,2025-06-01,2025-03-10,Website,261.12,2.0,False,False
Pine Ridge Cabins,10523,Confirmed,Birch,Cabin,2025-08-11,2025-08-13,2025-07-15,Phone,250.49,2.0,False,False
Pine Ridge Cabins,10133,Confirmed,Summit,Lodge,2024-12-27,2024-12-30,2024-12-15,Vrbo,262.43,3.0,False,False
Pine Ridge Cabins,11088,Confirmed,Ridge,Lodge,2026-07-08,2026-07-10,2026-06-03,Phone,443.78,2.0,False,False
Pine Ridge Cabins,10366,Confirmed,Cedar,Cabin,2025-06-10,2025-06-12,2025-06-04,Vrbo,270.86,2.0,False,False
Pine Ridge Cabins,10088,Confirmed,Cedar,Cabin,2024-11-17,2024-11-18,2024-10-29,Website,133.75,1.0,False,False
Pine Ridge Cabins,10618,Confirmed,Summit,Lodge,2025-09-24,2025-09-26,2025-09-10,Phone,233.11,2.0,False,False
Pine Ridge Cabins,10750,Confirmed,Ridge,Lodge,2025-12-20,2025-12-22,2025-12-17,Vrbo,272.42,2.0,False,False
Pine Ridge Cabins,10594,Confirmed,Cedar,Cabin,2025-09-13,2025-09-16,2025-08-22,Vrbo,259.95,3.0,False,False
Pine Ridge Cabins,10279,Confirmed,Ridge,Lodge,2025-04-30,2025-05-03,2025-04-12,Airbnb,239.98,3.0,False,False
Pine Ridge Cabins,11000,Confirmed,Summit,Lodge,2026-05-31,2026-06-01,2026-05-15,Website,294.22,1.0,False,False
Pine Ridge Cabins,10849,Confirmed,Ridge,Lodge,2026-03-07,2026-03-09,2026-02-19,Airbnb,300.21,2.0,False,False
Pine Ridge Cabins,10293,Confirmed,Aspen,Cabin,2025-05-08,2025-05-10,2025-03-23,Website,210.04,2.0,False,False
Pine Ridge Cabins,10155,Confirmed,Summit,Lodge,2025-01-15,2025-01-17,2025-01-01,Airbnb,180.87,2.0,False,False
Pine Ridge Cabins,10853,Confirmed,Birch,Cabin,2026-03-14,2026-03-15,2026-03-08,Website,196.58,1.0,False,False
Pine Ridge Cabins,11306,Confirmed,Ridge,Lodge,2026-10-13,2026-10-14,2026-07-08,Website,246.67,1.0,False,False
Pine Ridge Cabins,10698,Confirmed,Aspen,Cabin,2025-11-04,2025-11-06,2025-10-31,Website,127.3,2.0,False,False
Pine Ridge Cabins,10017,Confirmed,Birch,Cabin,2024-10-11,2024-10-13,2024-09-25,Vrbo,336.88,2.0,False,False
Pine Ridge Cabins,10730,Confirmed,Aspen,Cabin,2025-12-09,2025-12-13,2025-12-02,Vrbo,126.03,4.0,False,False
Pine Ridge Cabins,11179,Confirmed,Ridge,Lodge,2026-08-13,2026-08-17,2026-07-24,Phone,493.51,4.0,False,False
Pine Ridge Cabins,10872,Confirmed,Birch,Cabin,2026-03-24,2026-03-26,2026-03-17,Airbnb,130.45,2.0,False,False
Pine Ridge Cabins,10165,Confirmed,Ridge,Lodge,2025-01-23,2025-01-24,2025-01-04,Airbnb,214.14,1.0,False,False
Pine Ridge Cabins,10727,Confirmed,Birch,Cabin,2025-12-07,2025-12-08,2025-11-27,Phone,141.52,1.0,False,False
Pine Ridge Cabins,10716,Confirmed,Summit,Lodge,2025-11-22,2025-11-25,2025-09-01,Airbnb,286.59,3.0,False,False
Pine Ridge Cabins,11170,Confirmed,Cedar,Cabin,2026-08-10,2026-08-12,2026-08-01,Airbnb,261.63,2.0,False,False
Pine Ridge Cabins,10842,Confirmed,Birch,Cabin,2026-03-01,2026-03-03,2026-02-25,Phone,144.53,2.0,False,False
Pine Ridge Cabins,10975,Confirmed,Ridge,Lodge,2026-05-19,2026-05-21,2026-04-28,Airbnb,212.03,2.0,False,False
Pine Ridge Cabins,10692,Confirmed,Ridge,Lodge,2025-11-01,2025-11-03,2025-08-24,Airbnb,283.29,2.0,False,False
Pine Ridge Cabins,11139,Confirmed,Summit,Lodge,2026-07-26,2026-07-28,2026-07-09,Airbnb,390.24,2.0,False,False
Pine Ridge Cabins,10323,Confirmed,Summit,Lodge,2025-05-21,2025-05-23,2025-05-10,Vrbo,226.81,2.0,False,False
Pine Ridge Cabins,10648,Confirmed,Summit,Lodge,2025-10-11,2025-10-14,2025-09-22,Website,394.01,3.0,False,False
Pine Ridge Cabins,11247,Confirmed,Aspen,Cabin,2026-09-10,2026-09-14,2026-08-29,Airbnb,254.22,4.0,False,False
Pine Ridge Cabins,10468,Confirmed,Ridge,Lodge,2025-07-18,2025-07-21,2025-06-23,Airbnb,629.59,3.0,False,False
Pine Ridge Cabins,11133,Confirmed,Summit,Lodge,2026-07-24,2026-07-26,2026-04-25,Website,574.79,2.0,False,False
Pine Ridge Cabins,10500,Confirmed,Aspen,Cabin,2025-08-01,2025-08-02,2025-07-17,Airbnb,400.98,1.0,False,False
Pine Ridge Cabins,11143,Confirmed,Ridge,Lodge,2026-07-28,2026-07-29,2026-07-19,Airbnb,337.97,1.0,False,False
Pine Ridge Cabins,10986,Confirmed,Summit,Lodge,2026-05-24,2026-05-26,2025-12-24,Airbnb,278.82,2.0,False,False
Pine Ridge Cabins,11074,Confirmed,Ridge,Lodge,2026-07-01,2026-07-02,2026-06-29,Website,315.46,1.0,False,False
Pine Ridge Cabins,10506,Confirmed,Ridge,Lodge,2025-08-04,2025-08-07,2025-03-19,Website,353.4,3.0,False,False
Pine Ridge Cabins,10639,Cancelled,Aspen,Cabin,2025-10-07,2025-10-09,2025-09-20,Phone,183.37,2.0,False,False
Pine Ridge Cabins,11311,Cancelled,Cedar,Cabin,2026-10-18,2026-10-20,2026-09-07,Airbnb,218.53,2.0,False,False
Pine Ridge Cabins,10045,Confirmed,Ridge,Lodge,2024-10-23,2024-10-25,2024-09-16,Website,265.95,2.0,False,False
Pine Ridge Cabins,11284,Confirmed,Aspen,Cabin,2026-09-30,2026-10-01,2026-05-04,Phone,166.14,1.0,False,False
Pine Ridge Cabins,10069,Confirmed,Cedar,Cabin,2024-11-02,2024-11-05,2024-10-19,Vrbo,192.78,3.0,False,False
Pine Ridge Cabins,11058,Confirmed,Summit,Lodge,2026-06-24,2026-06-27,2026-06-20,Website,360.27,3.0,False,False
Pine Ridge Cabins,10755,Cancelled,Aspen,Cabin,2025-12-25,2025-12-26,2025-07-12,Airbnb,160.27,1.0,False,False
Pine Ridge Cabins,10589,Confirmed,Summit,Lodge,2025-09-11,2025-09-12,2025-04-19,Website,302.38,1.0,False,False
Pine Ridge Cabins,11212,Cancelled,Summit,Lodge,2026-08-25,2026-08-29,2026-07-15,Website,359.73,4.0,False,False
Pine Ridge Cabins,11016,Confirmed,Cedar,Cabin,2026-06-06,2026-06-09,2026-04-24,Website,384.25,3.0,False,False
Pine Ridge Cabins,11299,Confirmed,Cedar,Cabin,2026-10-05,2026-10-06,2026-09-20,Airbnb,140.19,1.0,False,False
Pine Ridge Cabins,10002,Confirmed,Aspen,Cabin,2024-10-02,2024-10-05,2024-09-18,Vrbo,160.72,3.0,False,False
Pine Ridge Cabins,10688,Confirmed,Ridge,Lodge,2025-10-28,2025-10-31,2025-10-14,Airbnb,232.87,3.0,False,False
Pine Ridge Cabins,11313,Confirmed,Aspen,Cabin,2026-10-22,2026-10-24,2026-08-10,Website,185.22,2.0,False,False
Pine Ridge Cabins,11243,Confirmed,Cedar,Cabin,2026-09-08,2026-09-09,2026-09-07,Airbnb,164.5,1.0,False,False
Pine Ridge Cabins,10561,Confirmed,Summit,Lodge,2025-08-29,2025-08-31,2025-08-13,Airbnb,535.76,2.0,False,False
Pine Ridge Cabins,10801,Confirmed,Cedar,Cabin,2026-01-31,2026-02-01,2026-01-19,Airbnb,162.68,1.0,False,False
Pine Ridge Cabins,10825,Confirmed,Birch,Cabin,2026-02-16,2026-02-18,2026-02-10,Airbnb,136.12,2.0,False,False
Pine Ridge Cabins,10767,Confirmed,Cedar,Cabin,2026-01-03,2026-01-04,2025-12-22,Vrbo,198.59,1.0,False,False
Pine Ridge Cabins,11251,Confirmed,Summit,Lodge,2026-09-12,2026-09-13,2026-08-23,Vrbo,336.85,1.0,False,False
Pine Ridge Cabins,10188,Confirmed,Ridge,Lodge,2025-02-22,2025-02-27,2025-02-20,Vrbo,288.8,5.0,False,False
Pine Ridge Cabins,10148,Confirmed,Birch,Cabin,2025-01-09,2025-01-10,2024-12-28,Airbnb,140.85,1.0,False,False
Pine Ridge Cabins,10065,Cancelled,Cedar,Cabin,2024-11-01,2024-11-03,2024-10-26,Phone,202.29,2.0,False,False
Pine Ridge Cabins,11135,Confirmed,Birch,Cabin,2026-07-25,2026-07-30,2026-07-04,Phone,365.39,5.0,False,False
Pine Ridge Cabins,10219,Cancelled,Summit,Lodge,2025-03-23,2025-03-24,2025-02-02,Phone,192.01,1.0,False,False
Pine Ridge Cabins,11134,Confirmed,Ridge,Lodge,2026-07-24,2026-07-28,2026-07-03,Airbnb,504.04,4.0,False,False
Pine Ridge Cabins,11240,Confirmed,Summit,Lodge,2026-09-05,2026-09-07,2026-09-02,Airbnb,357.63,2.0,False,False
Pine Ridge Cabins,10753,Confirmed,Aspen,Cabin,2025-12-24,2025-12-25,2025-12-22,Website,113.8,1.0,False,False
Pine Ridge Cabins,10359,Confirmed,Cedar,Cabin,2025-06-08,2025-06-10,2025-06-02,Airbnb,267.48,2.0,False,False
Pine Ridge Cabins,10895,Confirmed,Birch,Cabin,2026-04-05,2026-04-06,2025-12-25,Airbnb,192.06,1.0,False,False
Pine Ridge Cabins,11208,Confirmed,Aspen,Cabin,2026-08-24,2026-08-27,2026-07-24,Vrbo,266.71,3.0,False,False
Pine Ridge Cabins,10143,Confirmed,Summit,Lodge,2025-01-04,2025-01-07,2025-01-03,Airbnb,309.52,3.0,False,False
Pine Ridge Cabins,10655,Confirmed,Aspen,Cabin,2025-10-14,2025-10-17,2025-09-30,Vrbo,162.08,3.0,False,False
Pine Ridge Cabins,10626,Confirmed,Ridge,Lodge,2025-09-27,2025-09-28,2025-09-22,Website,359.91,1.0,False,False
Pine Ridge Cabins,10743,Confirmed,Ridge,Lodge,2025-12-16,2025-12-20,2025-12-05,Airbnb,182.61,4.0,False,False
Pine Ridge Cabins,10566,Confirmed,Ridge,Lodge,2025-08-31,2025-09-03,2025-06-04,Airbnb,408.28,3.0,False,False
Pine Ridge Cabins,10283,Confirmed,Summit,Lodge,2025-05-02,2025-05-04,2025-04-29,Vrbo,362.1,2.0,False,False
Pine Ridge Cabins,11114,Confirmed,Birch,Cabin,2026-07-17,2026-07-19,2026-06-06,Website,442.43,2.0,False,False
Pine Ridge Cabins,10212,Confirmed,Summit,Lodge,2025-03-17,2025-03-19,2024-12-17,Airbnb,176.77,2.0,False,False
Pine Ridge Cabins,11283,Confirmed,Aspen,Cabin,2026-09-29,2026-09-30,2026-09-19,Airbnb,155.88,1.0,False,False
Pine Ridge Cabins,11148,Confirmed,Birch,Cabin,2026-07-30,2026-08-03,2026-06-25,Vrbo,353.05,4.0,False,False
Pine Ridge Cabins,10822,Confirmed,Ridge,Lodge,2026-02-14,2026-02-15,2025-12-01,Airbnb,264.32,1.0,False,False
Pine Ridge Cabins,10785,Confirmed,Birch,Cabin,2026-01-16,2026-01-18,2025-08-14,Airbnb,197.74,2.0,False,False
Pine Ridge Cabins,11314,Confirmed,Cedar,Cabin,2026-10-22,2026-10-25,2026-09-22,Website,232.55,3.0,False,False
Pine Ridge Cabins,11176,Confirmed,Cedar,Cabin,2026-08-12,2026-08-16,2026-06-20,Vrbo,259.52,4.0,False,False
Pine Ridge Cabins,10808,Confirmed,Cedar,Cabin,2026-02-03,2026-02-04,2026-01-29,Airbnb,115.64,1.0,False,False
Pine Ridge Cabins,10816,Confirmed,Ridge,Lodge,2026-02-07,2026-02-09,2026-01-31,Website,264.12,2.0,False,False
Pine Ridge Cabins,10672,Confirmed,Ridge,Lodge,2025-10-20,2025-10-22,2025-10-08,Vrbo,272.49,2.0,False,False
Pine Ridge Cabins,10260,Confirmed,Cedar,Cabin,2025-04-20,2025-04-22,2025-03-26,Airbnb,156.46,2.0,False,False
Pine Ridge Cabins,11045,Confirmed,Birch,Cabin,2026-06-20,2026-06-21,2026-06-07,Vrbo,406.41,1.0,False,False
Pine Ridge Cabins,10091,Confirmed,Ridge,Lodge,2024-11-19,2024-11-22,2024-11-14,Phone,150.9,3.0,False,False
Pine Ridge Cabins,10696,Confirmed,Summit,Lodge,2025-11-03,2025-11-04,2025-10-29,Website,163.62,1.0,False,False
Pine Ridge Cabins,10515,Confirmed,Aspen,Cabin,2025-08-08,2025-08-09,2025-07-10,Phone,379.32,1.0,False,False
Pine Ridge Cabins,11318,Confirmed,Summit,Lodge,2026-10-31,2026-11-02,2026-05-14,Airbnb,401.75,2.0,False,False
Pine Ridge Cabins,10327,Confirmed,Birch,Cabin,2025-05-26,2025-05-29,2025-05-09,Vrbo,185.52,3.0,False,False
Pine Ridge Cabins,10106,Confirmed,Ridge,Lodge,2024-12-05,2024-12-06,2024-09-10,Phone,200.49,1.0,False,False
Pine Ridge Cabins,10197,Confirmed,Cedar,Cabin,2025-03-04,2025-03-06,2025-02-20,Website,131.73,2.0,False,False
Pine Ridge Cabins,10598,Confirmed,Ridge,Lodge,2025-09-16,2025-09-20,2025-09-04,Vrbo,213.04,4.0,False,False
Pine Ridge Cabins,11304,Confirmed,Summit,Lodge,2026-10-10,2026-10-13,2026-09-04,Airbnb,417.52,3.0,False,False
Pine Ridge Cabins,10084,Confirmed,Aspen,Cabin,2024-11-14,2024-11-16,2024-10-30,Airbnb,164.13,2.0,False,False
Pine Ridge Cabins,10841,Confirmed,Aspen,Cabin,2026-02-28,2026-03-02,2026-02-27,Airbnb,236.45,2.0,False,False
Pine Ridge Cabins,10613,Confirmed,Summit,Lodge,2025-09-22,2025-09-23,2025-09-11,Airbnb,250.25,1.0,False,False
Pine Ridge Cabins,10330,Confirmed,Ridge,Lodge,2025-05-27,2025-05-31,2025-05-19,Website,249.14,4.0,False,False
Pine Ridge Cabins,11120,Confirmed,Birch,Cabin,2026-07-19,2026-07-22,2026-06-21,Airbnb,268.61,3.0,False,False
Pine Ridge Cabins,11230,Confirmed,Ridge,Lodge,2026-09-01,2026-09-06,2026-08-25,Airbnb,211.1,5.0,False,False
Pine Ridge Cabins,10802,Confirmed,Summit,Lodge,2026-01-31,2026-02-04,2025-12-02,Airbnb,251.24,4.0,False,False
Pine Ridge Cabins,11290,Confirmed,Ridge,Lodge,2026-10-02,2026-10-07,2026-09-18,Airbnb,360.34,5.0,False,False
Pine Ridge Cabins,10846,Confirmed,Summit,Lodge,2026-03-05,2026-03-08,2026-02-22,Airbnb,219.93,3.0,False,False
Pine Ridge Cabins,10060,Confirmed,Aspen,Cabin,2024-10-30,2024-11-02,2024-10-23,Vrbo,168.82,3.0,False,False
Pine Ridge Cabins,10226,Confirmed,Aspen,Cabin,2025-03-31,2025-04-01,2025-03-25,Airbnb,117.38,1.0,False,False
Pine Ridge Cabins,10989,Confirmed,Cedar,Cabin,2026-05-26,2026-05-29,2026-05-19,Airbnb,159.68,3.0,False,False
Pine Ridge Cabins,10166,Confirmed,Summit,Lodge,2025-01-24,2025-01-25,2025-01-23,Website,265.28,1.0,False,False
Pine Ridge Cabins,11154,Confirmed,Birch,Cabin,2026-08-03,2026-08-06,2026-06-30,Airbnb,241.24,3.0,False,False
Pine Ridge Cabins,10314,Confirmed,Summit,Lodge,2025-05-17,2025-05-20,2025-05-17,Vrbo,370.71,3.0,False,False
Pine Ridge Cabins,10445,Confirmed,Summit,Lodge,2025-07-10,2025-07-13,2025-07-03,Website,486.45,3.0,False,False
Pine Ridge Cabins,10721,Confirmed,Ridge,Lodge,2025-11-25,2025-11-27,2025-07-29,Airbnb,167.44,2.0,False,False
Pine Ridge Cabins,10471,Confirmed,Aspen,Cabin,2025-07-20,2025-07-23,2025-02-23,Vrbo,304.37,3.0,False,False
Pine Ridge Cabins,11126,Confirmed,Ridge,Lodge,2026-07-21,2026-07-23,2026-06-22,Airbnb,307.03,2.0,False,False
Pine Ridge Cabins,10007,Confirmed,Birch,Cabin,2024-10-04,2024-10-09,2024-09-24,Airbnb,301.89,5.0,False,False
Pine Ridge Cabins,10917,Confirmed,Birch,Cabin,2026-04-17,2026-04-19,2026-04-03,Website,292.17,2.0,False,False
Pine Ridge Cabins,11255,Confirmed,Summit,Lodge,2026-09-13,2026-09-15,2026-08-16,Website,219.59,2.0,False,False
Pine Ridge Cabins,10014,Confirmed,Summit,Lodge,2024-10-08,2024-10-09,2024-06-24,Airbnb,251.71,1.0,False,False
Pine Ridge Cabins,11073,Confirmed,Cedar,Cabin,2026-07-01,2026-07-03,2026-06-29,Airbnb,273.2,2.0,False,False
Pine Ridge Cabins,10008,Confirmed,Aspen,Cabin,2024-10-05,2024-10-07,2024-09-22,Airbnb,221.19,2.0,False,False
Pine Ridge Cabins,10073,Confirmed,Cedar,Cabin,2024-11-07,2024-11-11,2024-10-24,Vrbo,158.84,4.0,False,False
Pine Ridge Cabins,11258,Confirmed,Birch,Cabin,2026-09-16,2026-09-21,2026-08-28,Vrbo,207.13,5.0,False,False
Pine Ridge Cabins,10535,Confirmed,Cedar,Cabin,2025-08-19,2025-08-21,2025-08-13,Airbnb,259.93,2.0,False,False
Pine Ridge Cabins,11159,Confirmed,Summit,Lodge,2026-08-04,2026-08-06,2026-07-07,Airbnb,361.43,2.0,False,False
Pine Ridge Cabins,10303,Confirmed,Summit,Lodge,2025-05-11,2025-05-12,2025-04-17,Airbnb,237.67,1.0,False,False
Pine Ridge Cabins,10659,Confirmed,Summit,Lodge,2025-10-16,2025-10-18,2025-09-11,Airbnb,309.41,2.0,False,False
Pine Ridge Cabins,10299,Confirmed,Aspen,Cabin,2025-05-10,2025-05-12,2025-05-04,Airbnb,221.03,2.0,False,False
Pine Ridge Cabins,10110,Confirmed,Birch,Cabin,2024-12-08,2024-12-11,2024-12-02,Airbnb,140.8,3.0,False,False
Pine Ridge Cabins,10242,Confirmed,Summit,Lodge,2025-04-11,2025-04-13,2025-03-18,Vrbo,424.26,2.0,False,False
Pine Ridge Cabins,11151,Confirmed,Aspen,Cabin,2026-08-01,2026-08-05,2026-07-23,Phone,386.83,4.0,False,False
Pine Ridge Cabins,10402,Confirmed,Birch,Cabin,2025-06-23,2025-06-25,2025-02-18,Vrbo,261.98,2.0,False,False
Pine Ridge Cabins,10477,Confirmed,Ridge,Lodge,2025-07-22,2025-07-24,2025-06-25,Phone,335.56,2.0,False,False
Pine Ridge Cabins,11144,Confirmed,Aspen,Cabin,2026-07-29,2026-07-31,2026-07-02,Website,221.9,2.0,False,False
Pine Ridge Cabins,11236,Confirmed,Summit,Lodge,2026-09-03,2026-09-05,2026-03-12,Website,319.9,2.0,False,False
Pine Ridge Cabins,10072,Confirmed,Summit,Lodge,2024-11-06,2024-11-07,2024-10-31,Website,173.79,1.0,False,False
Pine Ridge Cabins,10200,Confirmed,Ridge,Lodge,2025-03-07,2025-03-11,2025-03-05,Website,331.38,4.0,False,False
Pine Ridge Cabins,10041,Confirmed,Birch,Cabin,2024-10-21,2024-10-22,2024-10-15,Website,158.87,1.0,False,False
Pine Ridge Cabins,10890,Confirmed,Aspen,Cabin,2026-04-03,2026-04-05,2026-03-14,Phone,283.91,2.0,False,False
Pine Ridge Cabins,11061,Cancelled,Cedar,Cabin,2026-06-26,2026-06-28,2026-05-23,Vrbo,377.61,2.0,False,False
Pine Ridge Cabins,10599,Confirmed,Birch,Cabin,2025-09-17,2025-09-19,2025-08-24,Airbnb,186.55,2.0,False,False
Pine Ridge Cabins,10221,Confirmed,Cedar,Cabin,2025-03-24,2025-03-28,2024-09-26,Airbnb,151.86,4.0,False,False
Pine Ridge Cabins,11305,Confirmed,Cedar,Cabin,2026-10-13,2026-10-14,2026-09-24,Airbnb,187.7,1.0,False,False
Pine Ridge Cabins,10976,Cancelled,Birch,Cabin,2026-05-20,2026-05-22,2026-05-01,Airbnb,194.44,2.0,False,False
Pine Ridge Cabins,10036,Confirmed,Ridge,Lodge,2024-10-18,2024-10-21,2024-09-25,Airbnb,394.72,3.0,False,False
Pine Ridge Cabins,10615,Confirmed,Aspen,Cabin,2025-09-23,2025-09-24,2025-08-27,Website,176.3,1.0,False,False
Pine Ridge Cabins,10289,Confirmed,Ridge,Lodge,2025-05-04,2025-05-06,2025-04-20,Airbnb,248.61,2.0,False,False
Pine Ridge Cabins,11178,Confirmed,Summit,Lodge,2026-08-13,2026-08-15,2026-05-14,Phone,468.39,2.0,False,False
Pine Ridge Cabins,10287,Confirmed,Birch,Cabin,2025-05-04,2025-05-05,2025-04-11,Airbnb,200.29,1.0,False,False
Pine Ridge Cabins,11030,Confirmed,Birch,Cabin,2026-06-13,2026-06-17,2026-01-09,Website,399.27,4.0,False,False
Pine Ridge Cabins,10481,Confirmed,Ridge,Lodge,2025-07-24,2025-07-26,2025-06-27,Website,358.25,2.0,False,False
Pine Ridge Cabins,10430,Confirmed,Summit,Lodge,2025-07-04,2025-07-07,2025-06-14,Website,506.6,3.0,False,False
Pine Ridge Cabins,10234,Cancelled,Aspen,Cabin,2025-04-06,2025-04-08,2025-03-22,Airbnb,196.14,2.0,False,False
Pine Ridge Cabins,10705,Confirmed,Birch,Cabin,2025-11-14,2025-11-17,2025-11-12,Phone,183.09,3.0,False,False
Pine Ridge Cabins,10382,Confirmed,Birch,Cabin,2025-06-16,2025-06-18,2025-05-28,Website,220.68,2.0,False,False
Pine Ridge Cabins,10208,Confirmed,Aspen,Cabin,2025-03-14,2025-03-15,2025-03-06,Phone,200.7,1.0,False,False
Pine Ridge Cabins,10436,Confirmed,Aspen,Cabin,2025-07-07,2025-07-11,2025-02-27,Airbnb,255.01,4.0,False,False
Pine Ridge Cabins,11328,Confirmed,Ridge,Lodge,2026-12-01,2026-12-02,2026-06-25,Airbnb,161.32,1.0,False,False
Pine Ridge Cabins,10407,Confirmed,Cedar,Cabin,2025-06-27,2025-06-29,2025-06-13,Airbnb,458.87,2.0,False,False
Pine Ridge Cabins,10404,Confirmed,Summit,Lodge,2025-06-24,2025-06-25,2025-06-02,Website,371.36,1.0,False,False
Pine Ridge Cabins,10843,Confirmed,Summit,Lodge,2026-03-01,2026-03-05,2026-02-26,Vrbo,196.17,4.0,False,False
Pine Ridge Cabins,11023,Confirmed,Summit,Lodge,2026-06-09,2026-06-11,2025-12-22,Airbnb,333.51,2.0,False,False
Pine Ridge Cabins,10784,Confirmed,Summit,Lodge,2026-01-15,2026-01-17,2026-01-14,Phone,223.27,2.0,False,False
Pine Ridge Cabins,10574,Confirmed,Cedar,Cabin,2025-09-03,2025-09-08,2025-08-22,Website,166.7,5.0,False,False
Pine Ridge Cabins,10930,Confirmed,Birch,Cabin,2026-04-24,2026-04-27,2026-04-14,Vrbo,269.46,3.0,False,False
Pine Ridge Cabins,10546,Cancelled,Aspen,Cabin,2025-08-23,2025-08-26,2025-07-03,Airbnb,449.1,3.0,False,False
Pine Ridge Cabins,10019,Confirmed,Ridge,Lodge,2024-10-11,2024-10-12,2024-09-21,Airbnb,411.46,1.0,False,False
Pine Ridge Cabins,10154,Confirmed,Birch,Cabin,2025-01-15,2025-01-17,2024-09-12,Airbnb,136.05,2.0,False,False
Pine Ridge Cabins,10463,Confirmed,Summit,Lodge,2025-07-17,2025-07-20,2025-05-29,Airbnb,422.5,3.0,False,False
Pine Ridge Cabins,10482,Confirmed,Birch,Cabin,2025-07-25,2025-07-27,2025-07-13,Phone,423.4,2.0,False,False
Pine Ridge Cabins,11298,Confirmed,Birch,Cabin,2026-10-05,2026-10-07,2026-09-10,Website,169.92,2.0,False,False
Pine Ridge Cabins,10864,Confirmed,Birch,Cabin,2026-03-20,2026-03-22,2026-03-10,Airbnb,226.53,2.0,False,False
Pine Ridge Cabins,10980,Confirmed,Ridge,Lodge,2026-05-22,2026-05-25,2026-04-19,Airbnb,358.45,3.0,False,False
Pine Ridge Cabins,10252,Confirmed,Birch,Cabin,2025-04-16,2025-04-17,2025-02-05,Website,184.14,1.0,False,False
Pine Ridge Cabins,10461,Confirmed,Birch,Cabin,2025-07-17,2025-07-20,2025-06-30,Airbnb,306.22,3.0,False,False
Pine Ridge Cabins,11210,Confirmed,Birch,Cabin,2026-08-25,2026-08-27,2026-08-09,Website,251.99,2.0,False,False
Pine Ridge Cabins,11161,Confirmed,Birch,Cabin,2026-08-06,2026-08-10,2026-07-27,Website,326.07,4.0,False,False
Pine Ridge Cabins,10839,Confirmed,Aspen,Cabin,2026-02-24,2026-02-27,2026-02-21,Website,117.07,3.0,False,False
Pine Ridge Cabins,11329,Confirmed,Birch,Cabin,2026-12-04,2026-12-06,2026-08-19,Website,193.36,2.0,False,False
Pine Ridge Cabins,10521,Confirmed,Aspen,Cabin,2025-08-10,2025-08-11,2025-07-30,Website,282.14,1.0,False,False
Pine Ridge Cabins,10228,Confirmed,Ridge,Lodge,2025-04-01,2025-04-02,2025-01-10,Website,216.89,1.0,False,False
Pine Ridge Cabins,10240,Confirmed,Birch,Cabin,2025-04-11,2025-04-13,2025-03-27,Vrbo,325.22,2.0,False,False
Pine Ridge Cabins,10408,Confirmed,Summit,Lodge,2025-06-27,2025-06-29,2025-05-19,Vrbo,520.25,2.0,False,False
Pine Ridge Cabins,11076,Cancelled,Cedar,Cabin,2026-07-02,2026-07-05,2026-06-10,Airbnb,303.57,3.0,False,False
Pine Ridge Cabins,10488,Confirmed,Summit,Lodge,2025-07-27,2025-07-30,2025-06-01,Airbnb,345.2,3.0,False,False
Pine Ridge Cabins,11031,Confirmed,Ridge,Lodge,2026-06-13,2026-06-15,2026-05-26,Phone,600.9,2.0,False,False
Pine Ridge Cabins,11125,Confirmed,Cedar,Cabin,2026-07-21,2026-07-23,2026-02-28,Phone,202.89,2.0,False,False
Pine Ridge Cabins,10428,Confirmed,Birch,Cabin,2025-07-04,2025-07-07,2025-03-31,Vrbo,414.2,3.0,False,False
Pine Ridge Cabins,11087,Confirmed,Cedar,Cabin,2026-07-08,2026-07-09,2026-06-18,Phone,276.25,1.0,False,False
Pine Ridge Cabins,10560,Confirmed,Cedar,Cabin,2025-08-29,2025-08-31,2025-08-06,Airbnb,376.1,2.0,False,False
Pine Ridge Cabins,11047,Confirmed,Summit,Lodge,2026-06-20,2026-06-23,2026-06-02,Website,528.0,3.0,True,False
Pine Ridge Cabins,11113,Confirmed,Aspen,Cabin,2026-07-17,2026-07-20,2026-07-09,Vrbo,392.71,3.0,False,False
Pine Ridge Cabins,10558,Confirmed,Aspen,Cabin,2025-08-28,2025-08-30,2025-03-31,Airbnb,339.14,2.0,False,False
Pine Ridge Cabins,10291,Confirmed,Summit,Lodge,2025-05-05,2025-05-08,2025-03-29,Airbnb,274.39,3.0,False,False
Pine Ridge Cabins,10738,Confirmed,Ridge,Lodge,2025-12-13,2025-12-15,2025-12-11,Airbnb,293.43,2.0,False,False
Pine Ridge Cabins,10325,Confirmed,Birch,Cabin,2025-05-23,2025-05-26,2025-05-02,Airbnb,266.09,3.0,False,False
Pine Ridge Cabins,11078,Confirmed,Aspen,Cabin,2026-07-04,2026-07-05,2026-06-14,Airbnb,374.83,1.0,False,False
Pine Ridge Cabins,10369,Confirmed,Birch,Cabin,2025-06-11,2025-06-14,2025-05-29,Airbnb,269.78,3.0,False,False
Pine Ridge Cabins,10647,Confirmed,Birch,Cabin,2025-10-11,2025-10-12,2025-09-21,Airbnb,227.19,1.0,False,False
Pine Ridge Cabins,11028,Confirmed,Cedar,Cabin,2026-06-12,2026-06-14,2026-05-22,Vrbo,479.38,2.0,False,False
Pine Ridge Cabins,10699,Confirmed,Aspen,Cabin,2025-11-07,2025-11-11,2025-11-06,Airbnb,206.5,4.0,False,False
Pine Ridge Cabins,11155,Confirmed,Cedar,Cabin,2026-08-03,2026-08-05,2026-07-29,Website,257.09,2.0,False,False
Pine Ridge Cabins,10850,Confirmed,Summit,Lodge,2026-03-12,2026-03-15,2026-02-21,Vrbo,239.41,3.0,False,False
Pine Ridge Cabins,10744,Confirmed,Cedar,Cabin,2025-12-17,2025-12-19,2025-12-11,Airbnb,109.17,2.0,False,False
Pine Ridge Cabins,11267,Confirmed,Aspen,Cabin,2026-09-20,2026-09-21,2026-08-23,Vrbo,172.56,1.0,False,False
Pine Ridge Cabins,10268,Confirmed,Summit,Lodge,2025-04-23,2025-04-26,2025-04-04,Airbnb,233.73,3.0,False,False
Pine Ridge Cabins,10414,Confirmed,Birch,Cabin,2025-06-29,2025-07-01,2025-03-13,Airbnb,259.0,2.0,False,False
Pine Ridge Cabins,10565,Confirmed,Cedar,Cabin,2025-08-31,2025-09-01,2025-08-16,Airbnb,290.0,1.0,False,False
Pine Ridge Cabins,10095,Confirmed,Cedar,Cabin,2024-11-23,2024-11-26,2024-11-10,Vrbo,196.63,3.0,False,False
Pine Ridge Cabins,10772,Confirmed,Cedar,Cabin,2026-01-05,2026-01-06,2025-12-25,Website,128.37,1.0,False,False
Pine Ridge Cabins,10180,Confirmed,Cedar,Cabin,2025-02-06,2025-02-08,2024-11-08,Website,170.58,2.0,False,False
Pine Ridge Cabins,11191,Confirmed,Summit,Lodge,2026-08-17,2026-08-20,2026-08-05,Vrbo,367.89,3.0,False,False
Pine Ridge Cabins,10274,Confirmed,Ridge,Lodge,2025-04-27,2025-04-30,2025-04-21,Phone,295.61,3.0,False,False
Pine Ridge Cabins,10807,Confirmed,Ridge,Lodge,2026-02-02,2026-02-05,2025-10-14,Airbnb,177.03,3.0,False,False
Pine Ridge Cabins,11055,Confirmed,Ridge,Lodge,2026-06-23,2026-06-27,2026-05-18,Website,328.91,4.0,False,False
Pine Ridge Cabins,11285,Confirmed,Cedar,Cabin,2026-09-30,2026-10-03,2026-08-15,Website,177.32,3.0,False,False
Pine Ridge Cabins,10052,Confirmed,Birch,Cabin,2024-10-26,2024-10-29,2024-10-13,Airbnb,302.21,3.0,False,False
Pine Ridge Cabins,10739,Cancelled,Aspen,Cabin,2025-12-14,2025-12-17,2025-07-26,Airbnb,123.7,3.0,False,False
Pine Ridge Cabins,10286,Confirmed,Ridge,Lodge,2025-05-03,2025-05-04,2025-04-03,Website,391.03,1.0,False,False
Pine Ridge Cabins,10791,Confirmed,Summit,Lodge,2026-01-24,2026-01-27,2026-01-20,Website,298.87,3.0,False,False
Pine Ridge Cabins,11156,Confirmed,Ridge,Lodge,2026-08-03,2026-08-06,2026-07-07,Airbnb,360.5,3.0,False,False
Pine Ridge Cabins,11231,Confirmed,Birch,Cabin,2026-09-02,2026-09-05,2026-05-18,Airbnb,142.79,3.0,False,False
Pine Ridge Cabins,10944,Confirmed,Aspen,Cabin,2026-05-02,2026-05-05,2026-04-25,Vrbo,237.85,3.0,False,False
Pine Ridge Cabins,10120,Confirmed,Birch,Cabin,2024-12-19,2024-12-21,2024-12-12,Website,147.28,2.0,False,False
Pine Ridge Cabins,10665,Confirmed,Summit,Lodge,2025-10-18,2025-10-20,2025-10-07,Website,387.03,2.0,False,False
Pine Ridge Cabins,10444,Confirmed,Birch,Cabin,2025-07-10,2025-07-13,2025-06-19,Vrbo,288.84,3.0,False,False
Pine Ridge Cabins,10731,Confirmed,Cedar,Cabin,2025-12-09,2025-12-13,2025-07-04,Airbnb,124.34,4.0,False,False
Pine Ridge Cabins,10015,Confirmed,Cedar,Cabin,2024-10-10,2024-10-11,2024-10-09,Airbnb,231.84,1.0,False,False
Pine Ridge Cabins,11090,Confirmed,Cedar,Cabin,2026-07-09,2026-07-12,2026-06-30,Website,349.21,3.0,False,False
Pine Ridge Cabins,10426,Confirmed,Ridge,Lodge,2025-07-03,2025-07-05,2025-05-02,Airbnb,450.16,2.0,False,False
Pine Ridge Cabins,10409,Confirmed,Ridge,Lodge,2025-06-27,2025-07-01,2025-05-01,Website,527.5,4.0,False,False
Pine Ridge Cabins,10991,Confirmed,Summit,Lodge,2026-05-28,2026-05-31,2026-05-18,Phone,324.74,3.0,False,False
Pine Ridge Cabins,10974,Confirmed,Birch,Cabin,2026-05-19,2026-05-24,2026-01-20,Airbnb,159.29,5.0,False,False
Pine Ridge Cabins,11319,Confirmed,Birch,Cabin,2026-11-01,2026-11-03,2026-07-13,Airbnb,128.46,2.0,False,False
Pine Ridge Cabins,10392,Confirmed,Ridge,Lodge,2025-06-19,2025-06-21,2025-06-07,Phone,403.48,2.0,False,False
Pine Ridge Cabins,10713,Confirmed,Ridge,Lodge,2025-11-20,2025-11-22,2025-07-01,Airbnb,225.57,2.0,False,False
Pine Ridge Cabins,11288,Confirmed,Aspen,Cabin,2026-10-02,2026-10-05,2026-07-13,Airbnb,267.83,3.0,False,False
Pine Ridge Cabins,10377,Confirmed,Ridge,Lodge,2025-06-13,2025-06-16,2024-12-23,Phone,516.83,3.0,False,False
Pine Ridge Cabins,11312,Confirmed,Cedar,Cabin,2026-10-20,2026-10-21,2026-04-25,Vrbo,151.16,1.0,False,False
Pine Ridge Cabins,10157,Confirmed,Ridge,Lodge,2025-01-16,2025-01-19,2025-01-11,Vrbo,193.84,3.0,False,False
Pine Ridge Cabins,10764,Confirmed,Aspen,Cabin,2025-12-31,2026-01-01,2025-12-23,Airbnb,123.64,1.0,False,False
Pine Ridge Cabins,10018,Confirmed,Summit,Lodge,2024-10-11,2024-10-13,2024-08-16,Website,382.03,2.0,False,False
Pine Ridge Cabins,11026,Confirmed,Summit,Lodge,2026-06-11,2026-06-12,2026-05-24,Airbnb,453.74,1.0,False,False
Pine Ridge Cabins,11227,Confirmed,Summit,Lodge,2026-08-31,2026-09-03,2026-07-28,Airbnb,357.45,3.0,False,False
Pine Ridge Cabins,10709,Confirmed,Ridge,Lodge,2025-11-15,2025-11-18,2025-11-01,Vrbo,258.45,3.0,False,False
Pine Ridge Cabins,10720,Confirmed,Cedar,Cabin,2025-11-25,,2025-11-04,Website,,,False,True
Pine Ridge Cabins,10821,Confirmed,Aspen,Cabin,2026-02-13,2026-02-15,2026-02-13,Phone,206.72,2.0,False,False
Pine Ridge Cabins,11307,Confirmed,Birch,Cabin,2026-10-14,2026-10-16,2026-09-02,Phone,172.18,2.0,False,False
Pine Ridge Cabins,11038,Confirmed,Aspen,Cabin,2026-06-18,2026-06-19,2026-05-14,Airbnb,312.95,1.0,False,False
Pine Ridge Cabins,10181,Confirmed,Summit,Lodge,2025-02-06,2025-02-07,2025-02-02,Airbnb,213.29,1.0,False,False
Pine Ridge Cabins,10676,Confirmed,Ridge,Lodge,2025-10-22,2025-10-25,2025-09-25,Airbnb,247.71,3.0,False,False
Pine Ridge Cabins,10115,Confirmed,Cedar,Cabin,2024-12-11,2024-12-13,2024-12-04,Vrbo,122.1,2.0,False,False
Pine Ridge Cabins,10957,Confirmed,Summit,Lodge,2026-05-09,2026-05-12,2026-02-24,Airbnb,415.47,3.0,False,False
Pine Ridge Cabins,10627,Confirmed,Birch,Cabin,2025-09-29,2025-10-01,2025-05-06,Website,158.44,2.0,False,False
Pine Ridge Cabins,10981,Confirmed,Aspen,Cabin,2026-05-23,2026-05-26,2026-02-05,Airbnb,274.0,3.0,False,False
Pine Ridge Cabins,10241,Confirmed,Cedar,Cabin,2025-04-11,2025-04-14,2025-04-06,Airbnb,340.46,3.0,False,False
Pine Ridge Cabins,10805,Confirmed,Cedar,Cabin,2026-02-01,2026-02-03,2026-01-27,Airbnb,124.3,2.0,False,False
Pine Ridge Cabins,11059,Cancelled,Ridge,Lodge,2026-06-24,2026-06-27,2026-06-20,Website,349.89,3.0,False,False
Pine Ridge Cabins,10030,Confirmed,Ridge,Lodge,2024-10-16,2024-10-18,2024-10-05,Airbnb,258.72,2.0,False,False
Pine Ridge Cabins,10990,Cancelled,Cedar,Cabin,2026-05-28,2026-05-31,2026-05-19,Vrbo,233.11,3.0,False,False
Pine Ridge Cabins,10949,Confirmed,Summit,Lodge,2026-05-04,2026-05-06,2026-04-25,Airbnb,267.17,2.0,False,False
Pine Ridge Cabins,10090,Confirmed,Birch,Cabin,2024-11-19,2024-11-20,2024-11-15,Website,113.62,1.0,False,False
Pine Ridge Cabins,10992,Confirmed,Ridge,Lodge,2026-05-28,2026-06-02,2026-05-21,Airbnb,276.56,5.0,False,False
Pine Ridge Cabins,10708,Confirmed,Summit,Lodge,2025-11-15,2025-11-16,2025-11-08,Airbnb,246.04,1.0,False,False
Pine Ridge Cabins,11017,Confirmed,Ridge,Lodge,2026-06-06,2026-06-08,2026-04-14,Website,544.72,2.0,False,False
Pine Ridge Cabins,10149,Confirmed,Birch,Cabin,2025-01-10,2025-01-12,2025-01-05,Vrbo,181.12,2.0,False,False
Pine Ridge Cabins,11002,Confirmed,Aspen,Cabin,2026-06-02,2026-06-04,2026-05-22,Website,260.1,2.0,False,False
Pine Ridge Cabins,10150,Confirmed,Summit,Lodge,2025-01-11,2025-01-15,2025-01-07,Airbnb,279.71,4.0,False,False
Pine Ridge Cabins,10612,Confirmed,Birch,Cabin,2025-09-22,2025-09-25,2025-09-07,Phone,164.66,3.0,False,False
Pine Ridge Cabins,10297,Confirmed,Cedar,Cabin,2025-05-09,2025-05-11,2025-05-01,Airbnb,303.86,2.0,False,False
Pine Ridge Cabins,10924,Confirmed,Aspen,Cabin,2026-04-19,2026-04-21,2026-02-19,Airbnb,163.92,2.0,False,False
Pine Ridge Cabins,11279,Confirmed,Cedar,Cabin,2026-09-27,2026-09-30,2026-09-27,Airbnb,204.12,3.0,False,False
Pine Ridge Cabins,10680,Confirmed,Summit,Lodge,2025-10-25,2025-10-26,2025-06-01,Vrbo,375.95,1.0,False,False
Pine Ridge Cabins,11281,Confirmed,Ridge,Lodge,2026-09-27,2026-09-30,2026-09-11,Airbnb,219.35,3.0,False,False
Pine Ridge Cabins,11056,Confirmed,Aspen,Cabin,2026-06-24,2026-06-27,2026-05-30,Airbnb,284.92,3.0,False,False
Pine Ridge Cabins,10016,Confirmed,Ridge,Lodge,2024-10-10,2024-10-11,2024-09-25,Phone,355.42,1.0,False,False
Pine Ridge Cabins,10766,Confirmed,Birch,Cabin,2026-01-02,2026-01-04,2025-08-14,Vrbo,182.37,2.0,False,False
Pine Ridge Cabins,10118,Confirmed,Birch,Cabin,2024-12-16,2024-12-19,2024-08-02,Airbnb,114.14,3.0,False,False
Pine Ridge Cabins,11193,Confirmed,Ridge,Lodge,2026-08-18,2026-08-20,2026-07-12,Website,375.4,2.0,False,False
Pine Ridge Cabins,10128,Confirmed,Summit,Lodge,2024-12-25,2024-12-26,2024-12-20,Website,184.21,1.0,False,False
Pine Ridge Cabins,10087,Confirmed,Summit,Lodge,2024-11-16,2024-11-19,2024-11-08,Website,249.2,3.0,False,False
Pine Ridge Cabins,10596,Cancelled,Summit,Lodge,2025-09-15,2025-09-17,2025-08-19,Airbnb,236.68,2.0,False,False
Pine Ridge Cabins,11150,Confirmed,Ridge,Lodge,2026-07-31,2026-08-03,2026-03-02,Airbnb,607.97,3.0,False,False
Pine Ridge Cabins,10384,Confirmed,Summit,Lodge,2025-06-16,2025-06-18,2025-03-30,Vrbo,355.62,2.0,False,False
Pine Ridge Cabins,10902,Confirmed,Ridge,Lodge,2026-04-07,2026-04-09,2026-03-17,Vrbo,241.04,2.0,False,False
Pine Ridge Cabins,10117,Confirmed,Aspen,Cabin,2024-12-16,2024-12-19,2024-12-13,Airbnb,125.52,3.0,False,False
Pine Ridge Cabins,10592,Confirmed,Aspen,Cabin,2025-09-13,2025-09-17,2025-09-07,Website,265.37,4.0,False,False
Pine Ridge Cabins,10776,Confirmed,Aspen,Cabin,2026-01-09,2026-01-11,2025-12-18,Website,185.86,2.0,False,False
Pine Ridge Cabins,11315,Confirmed,Summit,Lodge,2026-10-22,2026-10-26,2026-09-30,Airbnb,349.49,4.0,False,False
Pine Ridge Cabins,10301,Confirmed,Birch,Cabin,2025-05-11,2025-05-16,2025-04-28,Website,176.55,5.0,False,False
Pine Ridge Cabins,10968,Confirmed,Ridge,Lodge,2026-05-15,2026-05-19,2026-05-11,Airbnb,407.37,4.0,False,False
Pine Ridge Cabins,10826,Confirmed,Summit,Lodge,2026-02-16,2026-02-17,2026-01-25,Airbnb,167.78,1.0,False,False
Pine Ridge Cabins,10422,Confirmed,Aspen,Cabin,2025-07-02,2025-07-05,2025-06-20,Airbnb,206.91,3.0,False,False
Pine Ridge Cabins,10288,Confirmed,Summit,Lodge,2025-05-04,2025-05-05,2025-04-25,Website,258.83,1.0,False,False
Pine Ridge Cabins,10199,Confirmed,Birch,Cabin,2025-03-07,2025-03-08,2024-10-23,Vrbo,199.41,1.0,False,False
Pine Ridge Cabins,10886,Confirmed,Summit,Lodge,2026-03-31,2026-04-01,2026-01-12,Vrbo,163.9,1.0,False,False
Pine Ridge Cabins,10400,Confirmed,Cedar,Cabin,2025-06-22,2025-06-23,2025-06-16,Website,270.62,1.0,False,False
Pine Ridge Cabins,10611,Confirmed,Ridge,Lodge,2025-09-21,2025-09-23,2025-09-06,Website,254.56,2.0,False,False
Pine Ridge Cabins,10156,Confirmed,Cedar,Cabin,2025-01-16,2025-01-19,2024-12-23,Airbnb,129.98,3.0,False,False
Pine Ridge Cabins,10951,Confirmed,Cedar,Cabin,2026-05-05,2026-05-07,2026-04-29,Airbnb,168.67,2.0,False,False
Pine Ridge Cabins,11321,Confirmed,Cedar,Cabin,2026-11-11,2026-11-13,2026-07-28,Website,112.57,2.0,False,False
Pine Ridge Cabins,10874,Cancelled,Summit,Lodge,2026-03-24,2026-03-27,2025-10-18,Website,157.38,3.0,False,False
Pine Ridge Cabins,10749,Confirmed,Birch,Cabin,2025-12-20,2025-12-22,2025-12-18,Airbnb,180.37,2.0,False,False
Pine Ridge Cabins,11190,Confirmed,Cedar,Cabin,2026-08-17,2026-08-19,2026-08-06,Phone,210.69,2.0,False,False
Pine Ridge Cabins,10704,Confirmed,Cedar,Cabin,2025-11-13,2025-11-15,2025-11-02,Airbnb,158.18,2.0,False,False
Pine Ridge Cabins,10033,Confirmed,Aspen,Cabin,2024-10-18,2024-10-22,2024-06-15,Website,312.78,4.0,False,False
Pine Ridge Cabins,11019,Confirmed,Summit,Lodge,2026-06-07,2026-06-09,2026-05-20,Vrbo,351.3,2.0,False,False
Pine Ridge Cabins,10910,Confirmed,Cedar,Cabin,2026-04-12,2026-04-15,2026-02-11,Website,192.55,3.0,True,False
Pine Ridge Cabins,10101,Confirmed,Cedar,Cabin,2024-12-03,2024-12-04,2024-11-29,Website,129.13,1.0,False,False
Pine Ridge Cabins,11289,Confirmed,Summit,Lodge,2026-10-02,2026-10-04,2026-09-25,Airbnb,391.61,2.0,False,False
Pine Ridge Cabins,11035,Confirmed,Aspen,Cabin,2026-06-17,2026-06-18,2026-05-10,Airbnb,243.78,1.0,False,False
Pine Ridge Cabins,10141,Confirmed,Aspen,Cabin,2025-01-04,2025-01-07,2025-01-04,Vrbo,174.93,3.0,False,False
Pine Ridge Cabins,10572,Confirmed,Aspen,Cabin,2025-09-03,2025-09-06,2025-08-07,Airbnb,205.83,3.0,False,False
Pine Ridge Cabins,10604,Confirmed,Aspen,Cabin,2025-09-19,2025-09-20,2025-09-10,Website,287.4,1.0,False,False
Pine Ridge Cabins,10388,Confirmed,Aspen,Cabin,2025-06-18,2025-06-20,2025-06-03,Airbnb,271.0,2.0,False,False
Pine Ridge Cabins,10804,Confirmed,Birch,Cabin,2026-02-01,2026-02-03,2025-12-14,Phone,132.65,2.0,False,False
Pine Ridge Cabins,11333,Confirmed,Ridge,Lodge,2026-12-23,2026-12-26,2026-08-26,Vrbo,157.7,3.0,False,False
Pine Ridge Cabins,10532,Confirmed,Cedar,Cabin,2025-08-15,2025-08-17,2025-07-26,Vrbo,375.83,2.0,False,False
Pine Ridge Cabins,11036,Confirmed,Cedar,Cabin,2026-06-17,2026-06-21,2026-06-03,Vrbo,248.28,4.0,False,False
Pine Ridge Cabins,10779,Confirmed,Aspen,Cabin,2026-01-11,2026-01-13,2025-09-28,Website,131.94,2.0,False,False
Pine Ridge Cabins,10978,Confirmed,Summit,Lodge,2026-05-21,2026-05-24,2026-05-11,Airbnb,321.52,3.0,False,False
Pine Ridge Cabins,10552,Confirmed,Birch,Cabin,2025-08-25,2025-08-27,2025-07-04,Airbnb,246.59,2.0,False,False
Pine Ridge Cabins,10462,Confirmed,Cedar,Cabin,2025-07-17,2025-07-19,2025-04-07,Website,343.23,2.0,False,False
Pine Ridge Cabins,10486,Confirmed,Aspen,Cabin,2025-07-27,2025-07-28,2025-03-23,Airbnb,265.35,1.0,False,False
Pine Ridge Cabins,11204,Confirmed,Summit,Lodge,2026-08-22,2026-08-25,2026-08-17,Website,500.57,3.0,False,False
Pine Ridge Cabins,10585,Confirmed,Aspen,Cabin,2025-09-09,2025-09-11,2025-09-06,Vrbo,190.35,2.0,False,False
Pine Ridge Cabins,11022,Confirmed,Cedar,Cabin,2026-06-09,2026-06-11,2026-05-27,Airbnb,282.95,2.0,False,False
Pine Ridge Cabins,10186,Confirmed,Ridge,Lodge,2025-02-19,2025-02-22,2024-08-28,Phone,180.23,3.0,False,False
Pine Ridge Cabins,10178,Confirmed,Cedar,Cabin,2025-02-04,2025-02-06,2025-01-28,Website,131.22,2.0,False,False
Pine Ridge Cabins,10701,Confirmed,Summit,Lodge,2025-11-08,2025-11-10,2025-10-31,Airbnb,237.15,2.0,False,False
Pine Ridge Cabins,10114,Confirmed,Birch,Cabin,2024-12-11,2024-12-14,2024-11-23,Website,131.65,3.0,False,False
Pine Ridge Cabins,10525,Confirmed,Ridge,Lodge,2025-08-12,2025-08-14,2025-07-13,Website,312.52,2.0,False,False
Pine Ridge Cabins,10868,Confirmed,Summit,Lodge,2026-03-21,2026-03-23,2025-10-27,Phone,281.72,2.0,False,False
Pine Ridge Cabins,11295,Confirmed,Summit,Lodge,2026-10-04,2026-10-07,2026-09-10,Vrbo,265.4,3.0,False,False
Pine Ridge Cabins,11131,Confirmed,Cedar,Cabin,2026-07-23,2026-07-27,2026-03-25,Website,295.38,4.0,False,False
Pine Ridge Cabins,10324,Confirmed,Aspen,Cabin,2025-05-23,2025-05-25,2025-04-27,Vrbo,281.52,2.0,False,False
Pine Ridge Cabins,10601,Cancelled,Aspen,Cabin,2025-09-18,2025-09-19,2025-05-05,Vrbo,231.87,1.0,False,False
Pine Ridge Cabins,10092,Confirmed,Cedar,Cabin,2024-11-20,2024-11-23,2024-11-15,Airbnb,121.37,3.0,False,False
Pine Ridge Cabins,10278,Confirmed,Cedar,Cabin,2025-04-30,2025-05-03,2025-04-20,Airbnb,189.01,3.0,False,False
Pine Ridge Cabins,11220,Confirmed,Aspen,Cabin,2026-08-29,2026-08-31,2026-06-18,Vrbo,429.03,2.0,False,False
Pine Ridge Cabins,10609,Cancelled,Cedar,Cabin,2025-09-20,2025-09-22,2025-09-05,Vrbo,262.9,2.0,False,False
Pine Ridge Cabins,11309,Confirmed,Summit,Lodge,2026-10-15,2026-10-20,2026-09-23,Airbnb,322.14,5.0,False,False
Pine Ridge Cabins,10914,Confirmed,Summit,Lodge,2026-04-15,2026-04-17,2026-03-14,Website,239.3,2.0,False,False
Pine Ridge Cabins,10918,Confirmed,Cedar,Cabin,2026-04-17,2026-04-21,2025-11-27,Airbnb,271.9,4.0,False,False
Pine Ridge Cabins,10564,Confirmed,Birch,Cabin,2025-08-31,2025-09-01,2025-08-15,Website,261.15,1.0,False,False
Pine Ridge Cabins,11097,Confirmed,Summit,Lodge,2026-07-12,2026-07-14,2026-06-16,Airbnb,362.91,2.0,False,False
Pine Ridge Cabins,10667,Confirmed,Birch,Cabin,2025-10-19,2025-10-22,2025-10-05,Airbnb,188.41,3.0,False,False
Pine Ridge Cabins,10741,Confirmed,Cedar,Cabin,2025-12-15,2025-12-17,2025-12-06,Website,127.94,2.0,False,False
Pine Ridge Cabins,10920,Confirmed,Ridge,Lodge,2026-04-17,2026-04-20,2026-03-16,Airbnb,455.61,3.0,False,False
Pine Ridge Cabins,10563,Confirmed,Aspen,Cabin,2025-08-31,2025-09-03,2025-07-15,Vrbo,311.66,3.0,False,False
Pine Ridge Cabins,10746,Confirmed,Birch,Cabin,2025-12-18,2025-12-20,2025-12-10,Vrbo,155.15,2.0,False,False
Pine Ridge Cabins,10937,Confirmed,Birch,Cabin,2026-04-27,2026-04-30,2026-04-13,Airbnb,159.5,3.0,False,False
Pine Ridge Cabins,10584,Confirmed,Aspen,Cabin,2025-09-08,2025-09-09,2025-06-08,Airbnb,187.38,1.0,False,False
Pine Ridge Cabins,10107,Confirmed,Aspen,Cabin,2024-12-07,2024-12-09,2024-12-02,Website,171.89,2.0,False,False
Pine Ridge Cabins,10460,Confirmed,Aspen,Cabin,2025-07-17,2025-07-20,2025-07-07,Website,311.23,3.0,False,False
Pine Ridge Cabins,10474,Confirmed,Birch,Cabin,2025-07-21,2025-07-23,2025-05-21,Website,249.48,2.0,False,False
Pine Ridge Cabins,10810,Confirmed,Birch,Cabin,2026-02-05,2026-02-09,2026-01-21,Phone,126.5,4.0,False,False
Pine Ridge Cabins,11303,Confirmed,Aspen,Cabin,2026-10-10,2026-10-13,2026-06-07,Airbnb,253.32,3.0,False,False
Pine Ridge Cabins,10063,Confirmed,Cedar,Cabin,2024-10-31,2024-11-01,2024-10-14,Vrbo,237.73,1.0,False,False
Pine Ridge Cabins,11082,Confirmed,Cedar,Cabin,2026-07-05,2026-07-08,2026-04-28,Website,299.37,3.0,False,False
Pine Ridge Cabins,10845,Confirmed,Birch,Cabin,2026-03-04,2026-03-06,2025-09-21,Website,102.24,2.0,False,False
Pine Ridge Cabins,10722,Confirmed,Aspen,Cabin,2025-11-28,2025-11-30,2025-11-27,Airbnb,225.28,2.0,False,False
Pine Ridge Cabins,11265,Confirmed,Ridge,Lodge,2026-09-18,2026-09-19,2026-09-13,Website,486.79,1.0,False,False
Pine Ridge Cabins,10433,Confirmed,Cedar,Cabin,2025-07-06,2025-07-09,2025-05-03,Airbnb,262.48,3.0,False,False
Pine Ridge Cabins,11270,Confirmed,Cedar,Cabin,2026-09-21,2026-09-22,2026-04-27,Phone,186.0,1.0,False,False
Pine Ridge Cabins,11101,Confirmed,Ridge,Lodge,2026-07-13,2026-07-16,2026-07-02,Vrbo,360.25,3.0,False,False
Pine Ridge Cabins,10217,Confirmed,Aspen,Cabin,2025-03-22,2025-03-24,2024-10-20,Airbnb,203.87,2.0,False,False
Pine Ridge Cabins,10137,Confirmed,Ridge,Lodge,2024-12-29,2025-01-01,2024-12-11,Airbnb,177.67,3.0,False,False
Pine Ridge Cabins,11207,Confirmed,Cedar,Cabin,2026-08-23,2026-08-25,2026-08-11,Airbnb,277.27,2.0,False,False
Pine Ridge Cabins,10341,Confirmed,Birch,Cabin,2025-06-01,2025-06-04,2025-05-25,Vrbo,253.73,3.0,False,False
Pine Ridge Cabins,11112,Confirmed,Ridge,Lodge,2026-07-16,2026-07-18,2026-07-04,Airbnb,359.73,2.0,False,False
Pine Ridge Cabins,11249,Confirmed,Cedar,Cabin,2026-09-11,2026-09-14,2026-09-01,Airbnb,284.32,3.0,False,False
Pine Ridge Cabins,10344,Confirmed,Summit,Lodge,2025-06-02,2025-06-07,2025-05-20,Website,345.76,5.0,False,False
Pine Ridge Cabins,11197,Confirmed,Cedar,Cabin,2026-08-20,2026-08-23,2026-07-17,Airbnb,346.47,3.0,False,False
Pine Ridge Cabins,10590,Confirmed,Birch,Cabin,2025-09-12,2025-09-14,2025-08-20,Airbnb,312.28,2.0,False,False
Pine Ridge Cabins,10710,Confirmed,Summit,Lodge,2025-11-18,,2025-11-15,Vrbo,,,False,True
Pine Ridge Cabins,10577,Confirmed,Summit,Lodge,2025-09-04,2025-09-07,2025-08-19,Website,346.42,3.0,False,False
Pine Ridge Cabins,11096,Confirmed,Cedar,Cabin,2026-07-12,2026-07-13,2026-06-28,Airbnb,254.07,1.0,False,False
Pine Ridge Cabins,10754,Confirmed,Cedar,Cabin,2025-12-24,2025-12-28,2025-12-17,Airbnb,135.11,4.0,False,False
Pine Ridge Cabins,11070,Confirmed,Birch,Cabin,2026-06-30,2026-07-02,2026-06-27,Airbnb,238.75,2.0,False,False
Pine Ridge Cabins,10176,Confirmed,Aspen,Cabin,2025-02-03,2025-02-05,2025-01-21,Website,117.37,2.0,False,False
Pine Ridge Cabins,11199,Confirmed,Ridge,Lodge,2026-08-20,2026-08-25,2026-07-24,Vrbo,497.24,5.0,False,False
Pine Ridge Cabins,10207,Confirmed,Cedar,Cabin,2025-03-13,2025-03-16,2025-01-02,Vrbo,153.63,3.0,False,False
Pine Ridge Cabins,10246,Confirmed,Summit,Lodge,2025-04-13,2025-04-15,2025-04-05,Airbnb,220.85,2.0,False,False
Pine Ridge Cabins,10540,Confirmed,Birch,Cabin,2025-08-21,2025-08-23,2025-07-11,Website,288.74,2.0,False,False
Pine Ridge Cabins,10509,Confirmed,Birch,Cabin,2025-08-06,2025-08-09,2025-07-23,Vrbo,249.98,3.0,False,False
Pine Ridge Cabins,10666,Confirmed,Ridge,Lodge,2025-10-18,2025-10-19,2025-10-17,Airbnb,407.94,1.0,False,False
Pine Ridge Cabins,10799,Confirmed,Summit,Lodge,2026-01-30,2026-01-31,2025-08-28,Website,249.96,1.0,False,False
Pine Ridge Cabins,11260,Confirmed,Summit,Lodge,2026-09-16,2026-09-19,2026-09-07,Airbnb,283.54,3.0,False,False
Pine Ridge Cabins,10624,Confirmed,Summit,Lodge,2025-09-26,2025-09-28,2025-09-25,Airbnb,358.85,2.0,False,False
Pine Ridge Cabins,10317,Confirmed,Aspen,Cabin,2025-05-19,2025-05-22,2025-05-17,Airbnb,184.48,3.0,False,False
Pine Ridge Cabins,11276,Confirmed,Cedar,Cabin,2026-09-25,2026-09-27,2026-08-29,Website,246.97,2.0,False,False
Pine Ridge Cabins,10888,Confirmed,Aspen,Cabin,2026-04-01,2026-04-02,2026-03-29,Website,197.61,1.0,False,False
Pine Ridge Cabins,10177,Confirmed,Summit,Lodge,2025-02-03,2025-02-06,2024-12-04,Website,163.5,3.0,False,False
Pine Ridge Cabins,11033,Confirmed,Ridge,Lodge,2026-06-15,2026-06-17,2026-01-04,Website,346.97,2.0,False,False
Pine Ridge Cabins,10023,Confirmed,Birch,Cabin,2024-10-13,2024-10-16,2024-09-13,Airbnb,187.66,3.0,False,False
Pine Ridge Cabins,10588,Confirmed,Cedar,Cabin,2025-09-11,2025-09-13,2025-08-11,Airbnb,236.92,2.0,False,False
Pine Ridge Cabins,11005,Confirmed,Summit,Lodge,2026-06-02,2026-06-03,2026-03-13,Phone,351.05,1.0,False,False
Pine Ridge Cabins,10192,Confirmed,Birch,Cabin,2025-02-25,2025-02-28,2025-02-21,Airbnb,101.03,3.0,False,False
Pine Ridge Cabins,10771,Confirmed,Cedar,Cabin,2026-01-04,2026-01-05,2025-12-30,Vrbo,121.21,1.0,False,False
Pine Ridge Cabins,10933,Confirmed,Summit,Lodge,2026-04-25,2026-04-28,2026-04-19,Website,362.5,3.0,False,False
Pine Ridge Cabins,10145,Confirmed,Cedar,Cabin,2025-01-06,2025-01-09,2024-11-18,Airbnb,125.8,3.0,False,False
Pine Ridge Cabins,10406,Confirmed,Birch,Cabin,2025-06-26,2025-06-27,2025-06-21,Airbnb,306.09,1.0,False,False
Pine Ridge Cabins,10098,Confirmed,Ridge,Lodge,2024-11-25,2024-11-27,2024-11-14,Vrbo,174.44,2.0,False,False
Pine Ridge Cabins,11086,Confirmed,Birch,Cabin,2026-07-08,2026-07-10,2026-07-02,Phone,229.46,2.0,False,False
Pine Ridge Cabins,10473,Confirmed,Summit,Lodge,2025-07-20,2025-07-24,2025-06-25,Website,389.72,4.0,False,False
Pine Ridge Cabins,10013,Confirmed,Summit,Lodge,2024-10-07,2024-10-08,2024-09-30,Website,237.26,1.0,False,False
Pine Ridge Cabins,10499,Confirmed,Ridge,Lodge,2025-07-31,2025-08-02,2025-07-20,Airbnb,425.76,2.0,False,False
Pine Ridge Cabins,10823,Confirmed,Aspen,Cabin,2026-02-15,2026-02-17,2026-02-03,Website,146.79,2.0,False,False
Pine Ridge Cabins,11223,Confirmed,Ridge,Lodge,2026-08-29,2026-08-31,2026-08-25,Airbnb,563.74,2.0,False,False
Pine Ridge Cabins,10038,Confirmed,Birch,Cabin,2024-10-20,2024-10-21,2024-10-14,Airbnb,165.61,1.0,False,False
Pine Ridge Cabins,10393,Confirmed,Aspen,Cabin,2025-06-20,2025-06-22,2025-06-15,Vrbo,483.5,2.0,False,False
Pine Ridge Cabins,10195,Confirmed,Birch,Cabin,2025-03-01,2025-03-03,2025-02-20,Airbnb,203.52,2.0,False,False
Pine Ridge Cabins,11241,Confirmed,Aspen,Cabin,2026-09-08,2026-09-10,2026-08-29,Vrbo,142.1,2.0,False,False
Pine Ridge Cabins,10605,Confirmed,Birch,Cabin,2025-09-19,2025-09-21,2025-09-16,Website,311.6,2.0,False,False
Pine Ridge Cabins,10356,Confirmed,Summit,Lodge,2025-06-07,2025-06-08,2025-05-13,Airbnb,636.77,1.0,False,False
Pine Ridge Cabins,10654,Confirmed,Ridge,Lodge,2025-10-13,2025-10-17,2025-07-13,Website,234.51,4.0,False,False
Pine Ridge Cabins,10011,Confirmed,Ridge,Lodge,2024-10-06,2024-10-07,2024-09-25,Airbnb,220.56,1.0,False,False
Pine Ridge Cabins,10541,Confirmed,Cedar,Cabin,2025-08-21,2025-08-23,2025-07-29,Phone,343.32,2.0,False,False
Pine Ridge Cabins,10644,Confirmed,Cedar,Cabin,2025-10-09,2025-10-13,2025-10-03,Airbnb,220.15,4.0,False,False
Pine Ridge Cabins,10621,Confirmed,Birch,Cabin,2025-09-25,2025-09-27,2025-09-05,Airbnb,181.27,2.0,False,False
Pine Ridge Cabins,11234,Confirmed,Aspen,Cabin,2026-09-03,2026-09-05,2026-08-25,Airbnb,241.04,2.0,False,False
Pine Ridge Cabins,11122,Confirmed,Ridge,Lodge,2026-07-19,2026-07-21,2026-07-10,Airbnb,398.61,2.0,False,False
Pine Ridge Cabins,10538,Confirmed,Ridge,Lodge,2025-08-20,2025-08-22,2025-07-28,Website,359.05,2.0,False,False
Pine Ridge Cabins,10797,Confirmed,Aspen,Cabin,2026-01-30,2026-01-31,2026-01-17,Phone,188.46,1.0,False,False
Pine Ridge Cabins,10211,Cancelled,Ridge,Lodge,2025-03-16,2025-03-19,2025-03-02,Airbnb,195.95,3.0,False,False
Pine Ridge Cabins,10961,Confirmed,Ridge,Lodge,2026-05-11,2026-05-12,2026-04-29,Website,224.17,1.0,False,False
Pine Ridge Cabins,10857,Confirmed,Cedar,Cabin,2026-03-17,2026-03-20,2026-02-28,Website,132.22,3.0,False,False
Pine Ridge Cabins,11320,Confirmed,Aspen,Cabin,2026-11-02,2026-11-04,2026-08-23,Website,143.55,2.0,True,False
Pine Ridge Cabins,11219,Confirmed,Summit,Lodge,2026-08-28,2026-08-31,2026-08-13,Airbnb,593.02,3.0,False,False
Pine Ridge Cabins,10058,Confirmed,Summit,Lodge,2024-10-28,2024-10-31,2024-10-24,Vrbo,239.19,3.0,False,False
Pine Ridge Cabins,10617,Confirmed,Ridge,Lodge,2025-09-23,2025-09-24,2025-08-31,Website,251.48,1.0,False,False
Pine Ridge Cabins,10224,Confirmed,Ridge,Lodge,2025-03-28,2025-03-30,2025-03-16,Website,300.67,2.0,False,False
Pine Ridge Cabins,10292,Confirmed,Ridge,Lodge,2025-05-06,2025-05-10,2025-04-28,Vrbo,239.54,4.0,False,False
Pine Ridge Cabins,10321,Confirmed,Cedar,Cabin,2025-05-20,2025-05-22,2025-05-15,Airbnb,164.03,2.0,False,False
Pine Ridge Cabins,11244,Confirmed,Summit,Lodge,2026-09-08,2026-09-10,2026-06-14,Airbnb,237.05,2.0,False,False
Pine Ridge Cabins,11257,Confirmed,Ridge,Lodge,2026-09-14,2026-09-16,2026-08-28,Vrbo,262.92,2.0,False,False
Pine Ridge Cabins,11206,Confirmed,Birch,Cabin,2026-08-23,2026-08-25,2026-07-05,Phone,242.39,2.0,False,False
Pine Ridge Cabins,11003,Confirmed,Birch,Cabin,2026-06-02,2026-06-05,2026-05-08,Airbnb,244.32,3.0,False,False
Pine Ridge Cabins,10637,Confirmed,Summit,Lodge,2025-10-05,2025-10-09,2025-05-19,Airbnb,224.58,4.0,False,False
Pine Ridge Cabins,11167,Confirmed,Summit,Lodge,2026-08-08,2026-08-11,2026-07-24,Airbnb,472.06,3.0,False,False
Pine Ridge Cabins,10364,Confirmed,Ridge,Lodge,2025-06-09,2025-06-12,2025-05-16,Phone,369.45,3.0,False,False
Pine Ridge Cabins,11110,Confirmed,Cedar,Cabin,2026-07-16,2026-07-20,2026-06-22,Airbnb,319.4,4.0,False,False
Pine Ridge Cabins,10851,Confirmed,Aspen,Cabin,2026-03-13,2026-03-15,2026-03-05,Airbnb,194.01,2.0,False,False
Pine Ridge Cabins,10571,Confirmed,Summit,Lodge,2025-09-02,2025-09-04,2025-08-29,Airbnb,223.54,2.0,False,False
Pine Ridge Cabins,10112,Confirmed,Summit,Lodge,2024-12-09,2024-12-11,2024-11-28,Airbnb,147.66,2.0,False,False
Pine Ridge Cabins,10360,Confirmed,Summit,Lodge,2025-06-08,2025-06-11,2025-05-23,Vrbo,339.23,3.0,False,False
Pine Ridge Cabins,10646,Confirmed,Ridge,Lodge,2025-10-10,2025-10-12,2025-06-09,Phone,384.75,2.0,False,False
Pine Ridge Cabins,11049,Confirmed,Aspen,Cabin,2026-06-21,2026-06-23,2026-06-05,Website,246.62,2.0,False,False
Pine Ridge Cabins,11331,Confirmed,Birch,Cabin,2026-12-21,2026-12-23,2026-08-03,Vrbo,105.52,2.0,False,False
Pine Ridge Cabins,10105,Confirmed,Birch,Cabin,2024-12-05,2024-12-08,2024-10-02,Vrbo,126.57,3.0,False,False
Pine Ridge Cabins,10089,Confirmed,Ridge,Lodge,2024-11-18,2024-11-19,2024-06-12,Vrbo,171.17,1.0,False,False
Pine Ridge Cabins,11336,Confirmed,Ridge,Lodge,2026-12-28,2027-01-01,2026-08-04,Website,154.88,4.0,False,False
Pine Ridge Cabins,10724,Confirmed,Aspen,Cabin,2025-12-03,2025-12-06,2025-11-09,Website,124.2,3.0,False,False
Pine Ridge Cabins,10891,Confirmed,Cedar,Cabin,2026-04-03,2026-04-07,2026-03-27,Airbnb,265.07,4.0,False,False
Pine Ridge Cabins,10304,Confirmed,Aspen,Cabin,2025-05-12,2025-05-13,2025-04-30,Website,180.76,1.0,False,False
Pine Ridge Cabins,10191,Confirmed,Summit,Lodge,2025-02-23,2025-02-28,2025-01-22,Vrbo,175.53,5.0,False,False
Pine Ridge Cabins,10884,Confirmed,Birch,Cabin,2026-03-30,2026-03-31,2026-03-20,Airbnb,135.47,1.0,False,False
Pine Ridge Cabins,10820,Confirmed,Birch,Cabin,2026-02-12,2026-02-15,2026-01-27,Website,155.47,3.0,False,False
Pine Ridge Cabins,10756,Confirmed,Aspen,Cabin,2025-12-26,2025-12-27,2025-12-13,Phone,197.21,1.0,False,False
Pine Ridge Cabins,10193,Confirmed,Cedar,Cabin,2025-02-27,2025-03-02,2025-02-22,Vrbo,140.29,3.0,False,False
Pine Ridge Cabins,10261,Confirmed,Aspen,Cabin,2025-04-21,2025-04-24,2025-04-18,Airbnb,165.7,3.0,False,False
Pine Ridge Cabins,11025,Confirmed,Aspen,Cabin,2026-06-11,2026-06-13,2026-05-31,Airbnb,311.91,2.0,False,False
Pine Ridge Cabins,11106,Cancelled,Cedar,Cabin,2026-07-15,2026-07-18,2026-05-22,Website,266.61,3.0,False,False
Pine Ridge Cabins,10385,Confirmed,Ridge,Lodge,2025-06-16,2025-06-17,2025-04-29,Website,403.35,1.0,False,False
Pine Ridge Cabins,10876,Confirmed,Aspen,Cabin,2026-03-25,2026-03-28,2025-12-13,Airbnb,123.43,3.0,False,False
Pine Ridge Cabins,10494,Cancelled,Birch,Cabin,2025-07-29,2025-08-02,2025-07-14,Vrbo,246.53,4.0,False,False
Pine Ridge Cabins,10511,Confirmed,Summit,Lodge,2025-08-06,2025-08-08,2025-07-14,Airbnb,352.03,2.0,False,False
Pine Ridge Cabins,10490,Confirmed,Birch,Cabin,2025-07-28,2025-07-31,2025-04-27,Website,234.94,3.0,False,False
Pine Ridge Cabins,10685,Confirmed,Birch,Cabin,2025-10-27,2025-10-30,2025-10-19,Vrbo,161.47,3.0,False,False
Pine Ridge Cabins,10316,Confirmed,Cedar,Cabin,2025-05-18,2025-05-20,2025-05-03,Airbnb,179.89,2.0,False,False
Pine Ridge Cabins,10897,Confirmed,Ridge,Lodge,2026-04-05,2026-04-07,2026-03-25,Airbnb,243.64,2.0,False,False
Pine Ridge Cabins,10943,Confirmed,Cedar,Cabin,2026-05-01,2026-05-05,2026-02-23,Airbnb,314.82,4.0,False,False
Pine Ridge Cabins,10196,Confirmed,Aspen,Cabin,2025-03-02,2025-03-06,2025-02-28,Website,159.96,4.0,False,False
Pine Ridge Cabins,10456,Confirmed,Birch,Cabin,2025-07-14,2025-07-17,2025-06-21,Airbnb,270.69,3.0,False,False
Pine Ridge Cabins,10536,Confirmed,Aspen,Cabin,2025-08-20,2025-08-22,2025-06-20,Airbnb,252.26,2.0,False,False
Pine Ridge Cabins,10227,Confirmed,Aspen,Cabin,2025-04-01,2025-04-03,2025-03-16,Website,169.78,2.0,False,False
Pine Ridge Cabins,10204,Confirmed,Cedar,Cabin,2025-03-10,2025-03-12,2025-03-08,Airbnb,115.91,2.0,False,False
Pine Ridge Cabins,10640,Confirmed,Aspen,Cabin,2025-10-08,2025-10-10,2025-09-15,Vrbo,205.25,2.0,False,False
Pine Ridge Cabins,11063,Confirmed,Aspen,Cabin,2026-06-28,2026-06-30,2026-06-06,Airbnb,268.37,2.0,False,False
Pine Ridge Cabins,10397,Confirmed,Birch,Cabin,2025-06-21,2025-06-23,2025-06-10,Airbnb,419.37,2.0,False,False
Pine Ridge Cabins,10187,Confirmed,Cedar,Cabin,2025-02-22,2025-02-24,2025-02-08,Website,209.38,2.0,False,False
Pine Ridge Cabins,10829,Confirmed,Summit,Lodge,2026-02-17,2026-02-18,2026-02-15,Airbnb,175.02,1.0,False,False
Pine Ridge Cabins,10581,Confirmed,Ridge,Lodge,2025-09-05,2025-09-08,2025-08-16,Airbnb,399.0,3.0,False,False
Pine Ridge Cabins,10370,Confirmed,Summit,Lodge,2025-06-11,2025-06-14,2025-05-20,Phone,427.36,3.0,False,False
Pine Ridge Cabins,10711,Confirmed,Ridge,Lodge,2025-11-18,2025-11-19,2025-11-10,Airbnb,175.39,1.0,False,False
Pine Ridge Cabins,10213,Confirmed,Aspen,Cabin,2025-03-20,2025-03-22,2025-03-13,Website,144.34,2.0,False,False
Pine Ridge Cabins,10441,Confirmed,Cedar,Cabin,2025-07-09,2025-07-13,2025-07-02,Phone,262.91,4.0,False,False
Pine Ridge Cabins,11330,Confirmed,Aspen,Cabin,2026-12-05,2026-12-07,2026-08-23,Airbnb,215.72,2.0,False,False
Pine Ridge Cabins,10641,Confirmed,Birch,Cabin,2025-10-08,2025-10-10,2025-08-22,Vrbo,214.33,2.0,False,False
Pine Ridge Cabins,11111,Confirmed,Summit,Lodge,2026-07-16,2026-07-18,2026-05-26,Phone,439.7,2.0,False,False
Pine Ridge Cabins,11242,Confirmed,Birch,Cabin,2026-09-08,2026-09-10,2026-09-05,Airbnb,154.05,2.0,False,False
Pine Ridge Cabins,11189,Confirmed,Birch,Cabin,2026-08-17,2026-08-22,2026-08-11,Airbnb,272.04,5.0,False,False
Pine Ridge Cabins,10378,Confirmed,Aspen,Cabin,2025-06-14,2025-06-16,2025-02-12,Vrbo,478.98,2.0,False,False
Pine Ridge Cabins,10493,Confirmed,Ridge,Lodge,2025-07-28,2025-07-30,2025-07-25,Airbnb,373.06,2.0,False,False
Pine Ridge Cabins,10247,Confirmed,Birch,Cabin,2025-04-14,2025-04-16,2025-03-19,Phone,145.09,2.0,False,False
Pine Ridge Cabins,11121,Confirmed,Summit,Lodge,2026-07-19,2026-07-24,2026-06-27,Website,406.67,5.0,False,False
Pine Ridge Cabins,10024,Confirmed,Summit,Lodge,2024-10-13,2024-10-17,2024-10-06,Website,267.17,4.0,False,False
Pine Ridge Cabins,10869,Confirmed,Birch,Cabin,2026-03-22,2026-03-24,2026-03-03,Website,131.01,2.0,False,False
Pine Ridge Cabins,11084,Confirmed,Aspen,Cabin,2026-07-06,2026-07-08,2026-06-15,Airbnb,258.7,2.0,False,False
Pine Ridge Cabins,10267,Confirmed,Cedar,Cabin,2025-04-23,2025-04-25,2025-01-27,Airbnb,164.77,2.0,False,False
Pine Ridge Cabins,10331,Confirmed,Aspen,Cabin,2025-05-28,2025-05-29,2025-05-23,Vrbo,188.18,1.0,False,False
Pine Ridge Cabins,11217,Confirmed,Birch,Cabin,2026-08-27,2026-08-29,2026-04-09,Phone,306.03,2.0,False,False
Pine Ridge Cabins,10682,Confirmed,Aspen,Cabin,2025-10-26,2025-10-31,2025-08-19,Website,193.85,5.0,False,False
Pine Ridge Cabins,10860,Confirmed,Ridge,Lodge,2026-03-18,2026-03-22,2026-02-21,Airbnb,190.74,4.0,False,False
Pine Ridge Cabins,10557,Confirmed,Ridge,Lodge,2025-08-27,2025-08-31,2025-08-13,Vrbo,424.49,4.0,False,False
Pine Ridge Cabins,11174,Confirmed,Summit,Lodge,2026-08-11,2026-08-12,2026-07-30,Airbnb,395.98,1.0,False,False
Pine Ridge Cabins,10029,Confirmed,Cedar,Cabin,2024-10-16,2024-10-17,2024-10-11,Website,187.42,1.0,False,False
Pine Ridge Cabins,10631,Confirmed,Birch,Cabin,2025-10-03,2025-10-07,2025-09-24,Phone,305.84,4.0,False,False
Pine Ridge Cabins,10774,Confirmed,Ridge,Lodge,2026-01-06,2026-01-09,2026-01-01,Airbnb,163.04,3.0,False,False
Pine Ridge Cabins,10996,Confirmed,Cedar,Cabin,2026-05-30,2026-06-04,2026-05-14,Phone,287.01,5.0,False,False
Pine Ridge Cabins,10995,Confirmed,Aspen,Cabin,2026-05-30,2026-06-01,2026-05-16,Vrbo,364.38,2.0,False,False
Pine Ridge Cabins,10717,Confirmed,Aspen,Cabin,2025-11-23,2025-11-26,2025-07-04,Vrbo,101.16,3.0,False,False
Pine Ridge Cabins,10758,Confirmed,Ridge,Lodge,2025-12-26,2025-12-27,2025-12-18,Website,340.94,1.0,False,False
Pine Ridge Cabins,10887,Confirmed,Ridge,Lodge,2026-03-31,2026-04-04,2026-01-26,Airbnb,140.29,4.0,False,False
Pine Ridge Cabins,10736,Confirmed,Birch,Cabin,2025-12-13,2025-12-16,2025-11-25,Vrbo,217.47,3.0,False,False
Pine Ridge Cabins,10373,Confirmed,Cedar,Cabin,2025-06-12,2025-06-14,2025-04-21,Airbnb,364.51,2.0,False,False
Pine Ridge Cabins,10264,Confirmed,Birch,Cabin,2025-04-22,2025-04-24,2025-01-31,Website,174.03,2.0,False,False
Pine Ridge Cabins,10113,Confirmed,Ridge,Lodge,2024-12-10,2024-12-12,2024-11-24,Airbnb,159.58,2.0,False,False
Pine Ridge Cabins,10162,Confirmed,Birch,Cabin,2025-01-20,2025-01-22,2025-01-13,Phone,122.77,2.0,False,False
Pine Ridge Cabins,11050,Confirmed,Birch,Cabin,2026-06-21,2026-06-23,2026-03-30,Website,282.53,2.0,False,False
Pine Ridge Cabins,10379,Confirmed,Cedar,Cabin,2025-06-14,2025-06-17,2025-06-05,Website,424.14,3.0,False,False
Pine Ridge Cabins,10312,Confirmed,Ridge,Lodge,2025-05-16,2025-05-18,2025-04-20,Airbnb,342.99,2.0,False,False
Pine Ridge Cabins,10263,Confirmed,Ridge,Lodge,2025-04-21,2025-04-23,2025-03-13,Vrbo,257.45,2.0,False,False
Pine Ridge Cabins,11335,Confirmed,Cedar,Cabin,2026-12-26,2026-12-29,2026-07-30,Airbnb,193.06,3.0,False,False
Pine Ridge Cabins,10873,Confirmed,Cedar,Cabin,2026-03-24,2026-03-28,2026-02-03,Airbnb,121.68,4.0,False,False
Pine Ridge Cabins,10524,Confirmed,Cedar,Cabin,2025-08-12,2025-08-14,2025-06-17,Website,202.58,2.0,False,False
Pine Ridge Cabins,10947,Confirmed,Ridge,Lodge,2026-05-03,2026-05-07,2025-11-21,Airbnb,278.94,4.0,False,False
Pine Ridge Cabins,10230,Cancelled,Birch,Cabin,2025-04-03,2025-04-06,2024-11-11,Vrbo,251.78,3.0,False,False
Pine Ridge Cabins,10606,Confirmed,Cedar,Cabin,2025-09-19,2025-09-21,2025-09-10,Website,303.62,2.0,False,False
Pine Ridge Cabins,10814,Confirmed,Cedar,Cabin,2026-02-07,2026-02-12,2025-09-07,Website,202.08,5.0,False,False
Pine Ridge Cabins,10548,Confirmed,Summit,Lodge,2025-08-23,2025-08-25,2025-07-19,Website,614.64,2.0,False,False
Pine Ridge Cabins,10919,Confirmed,Summit,Lodge,2026-04-17,2026-04-20,2026-03-23,Website,409.38,3.0,False,False
Pine Ridge Cabins,10725,Confirmed,Birch,Cabin,2025-12-03,2025-12-06,2025-11-29,Vrbo,122.53,3.0,False,False
Pine Ridge Cabins,10691,Confirmed,Cedar,Cabin,2025-11-01,2025-11-03,2025-10-25,Vrbo,148.41,2.0,False,False
Pine Ridge Cabins,10248,Confirmed,Cedar,Cabin,2025-04-14,2025-04-17,2025-03-28,Vrbo,173.25,3.0,False,False
Pine Ridge Cabins,10028,Confirmed,Birch,Cabin,2024-10-16,2024-10-19,2024-05-29,Airbnb,222.36,3.0,False,False
Pine Ridge Cabins,10715,Confirmed,Cedar,Cabin,2025-11-21,2025-11-24,2025-11-03,Website,209.26,3.0,False,False
Pine Ridge Cabins,10792,Confirmed,Cedar,Cabin,2026-01-25,2026-01-26,2026-01-06,Airbnb,130.99,1.0,False,False
Pine Ridge Cabins,10607,Confirmed,Summit,Lodge,2025-09-19,2025-09-22,2025-08-04,Website,382.09,3.0,False,False
Pine Ridge Cabins,10556,Confirmed,Summit,Lodge,2025-08-26,2025-08-29,2025-08-18,Website,368.82,3.0,False,False
Pine Ridge Cabins,10781,Confirmed,Birch,Cabin,2026-01-12,2026-01-16,2026-01-04,Vrbo,120.52,4.0,False,False
Pine Ridge Cabins,10151,Confirmed,Cedar,Cabin,2025-01-12,2025-01-15,2024-08-28,Airbnb,126.34,3.0,False,False
Pine Ridge Cabins,10452,Cancelled,Ridge,Lodge,2025-07-12,2025-07-15,2025-01-29,Website,586.06,3.0,False,False
Pine Ridge Cabins,10055,Confirmed,Cedar,Cabin,2024-10-27,2024-10-30,2024-10-15,Vrbo,187.14,3.0,False,False
Pine Ridge Cabins,10167,Confirmed,Summit,Lodge,2025-01-26,2025-01-29,2025-01-01,Vrbo,177.34,3.0,False,False
Pine Ridge Cabins,10600,Confirmed,Summit,Lodge,2025-09-17,2025-09-19,2025-08-17,Airbnb,233.92,2.0,False,False
Pine Ridge Cabins,11332,Confirmed,Aspen,Cabin,2026-12-22,2026-12-24,2026-07-02,Airbnb,125.31,2.0,False,False
Pine Ridge Cabins,10871,Confirmed,Summit,Lodge,2026-03-23,2026-03-26,2025-10-16,Website,169.06,3.0,False,False
Pine Ridge Cabins,10904,Confirmed,Aspen,Cabin,2026-04-09,2026-04-11,2026-03-19,Airbnb,210.14,2.0,False,False
Pine Ridge Cabins,10938,Confirmed,Aspen,Cabin,2026-04-28,2026-05-02,2026-02-17,Phone,162.77,4.0,False,False
Pine Ridge Cabins,10254,Confirmed,Birch,Cabin,2025-04-18,2025-04-19,2024-12-24,Airbnb,253.02,1.0,False,False
Pine Ridge Cabins,10632,Confirmed,Cedar,Cabin,2025-10-03,2025-10-05,2025-09-24,Airbnb,245.02,2.0,False,False
Pine Ridge Cabins,10597,Confirmed,Cedar,Cabin,2025-09-16,2025-09-18,2025-09-05,Phone,154.35,2.0,False,False
Pine Ridge Cabins,11079,Confirmed,Birch,Cabin,2026-07-04,2026-07-06,2026-02-12,Airbnb,365.62,2.0,False,False
Pine Ridge Cabins,10570,Confirmed,Birch,Cabin,2025-09-02,2025-09-07,2025-08-22,Website,154.85,5.0,False,False
Pine Ridge Cabins,10497,Confirmed,Cedar,Cabin,2025-07-30,2025-08-04,2025-06-27,Airbnb,242.86,5.0,False,False
Pine Ridge Cabins,10302,Confirmed,Cedar,Cabin,2025-05-11,2025-05-14,2025-04-20,Airbnb,161.91,3.0,False,False
Pine Ridge Cabins,11102,Confirmed,Birch,Cabin,2026-07-14,2026-07-17,2026-07-07,Airbnb,264.84,3.0,False,False
Pine Ridge Cabins,10003,Confirmed,Cedar,Cabin,2024-10-02,2024-10-06,2024-09-23,Airbnb,201.34,4.0,False,False
Pine Ridge Cabins,10700,Confirmed,Birch,Cabin,2025-11-07,2025-11-12,2025-11-06,Vrbo,202.79,5.0,False,False
Pine Ridge Cabins,10517,Confirmed,Cedar,Cabin,2025-08-08,2025-08-09,2025-07-21,Website,419.71,1.0,False,False
Pine Ridge Cabins,10630,Confirmed,Ridge,Lodge,2025-10-02,2025-10-04,2025-09-27,Website,307.67,2.0,False,False
Pine Ridge Cabins,10529,Confirmed,Ridge,Lodge,2025-08-14,2025-08-15,2025-08-09,Website,540.75,1.0,False,False
Pine Ridge Cabins,10104,Cancelled,Aspen,Cabin,2024-12-05,2024-12-06,2024-11-27,Airbnb,150.32,1.0,False,False
Pine Ridge Cabins,10478,Confirmed,Aspen,Cabin,2025-07-23,2025-07-26,2025-07-07,Airbnb,228.09,3.0,False,False
Pine Ridge Cabins,10883,Confirmed,Summit,Lodge,2026-03-29,2026-03-31,2026-03-22,Website,212.03,2.0,False,False
Pine Ridge Cabins,10778,Confirmed,Summit,Lodge,2026-01-10,2026-01-11,2026-01-09,Airbnb,298.02,1.0,False,False
Pine Ridge Cabins,11198,Confirmed,Summit,Lodge,2026-08-20,2026-08-21,2026-08-15,Airbnb,478.1,1.0,False,False
Pine Ridge Cabins,11075,Confirmed,Aspen,Cabin,2026-07-02,2026-07-04,2026-05-26,Website,331.54,2.0,False,False
Pine Ridge Cabins,10892,Confirmed,Summit,Lodge,2026-04-03,2026-04-05,2026-03-10,Phone,385.57,2.0,False,False
Pine Ridge Cabins,11300,Confirmed,Cedar,Cabin,2026-10-07,2026-10-10,2026-10-01,Vrbo,197.95,3.0,False,False
Pine Ridge Cabins,10681,Confirmed,Ridge,Lodge,2025-10-25,2025-10-28,2025-05-04,Website,376.4,3.0,False,False
Pine Ridge Cabins,10138,Confirmed,Ridge,Lodge,2025-01-01,2025-01-03,2024-12-29,Airbnb,176.81,2.0,False,False
Pine Ridge Cabins,10203,Confirmed,Birch,Cabin,2025-03-10,2025-03-11,2024-10-05,Airbnb,105.08,1.0,False,False
Pine Ridge Cabins,10129,Confirmed,Aspen,Cabin,2024-12-26,2024-12-28,2024-12-22,Website,142.07,2.0,False,False
Pine Ridge Cabins,10854,Confirmed,Birch,Cabin,2026-03-15,2026-03-17,2026-03-10,Airbnb,124.48,2.0,False,False
Pine Ridge Cabins,10737,Cancelled,Cedar,Cabin,2025-12-13,2025-12-17,2025-12-06,Vrbo,169.95,4.0,False,False
Pine Ridge Cabins,11194,Confirmed,Aspen,Cabin,2026-08-19,2026-08-24,2026-08-08,Website,283.43,5.0,False,False
Pine Ridge Cabins,10752,Confirmed,Birch,Cabin,2025-12-23,2025-12-25,2025-08-19,Website,120.36,2.0,False,False
Pine Ridge Cabins,10811,Confirmed,Summit,Lodge,2026-02-06,2026-02-09,2026-02-06,Airbnb,276.32,3.0,False,False
Pine Ridge Cabins,10079,Confirmed,Birch,Cabin,2024-11-11,2024-11-12,2024-09-22,Website,128.91,1.0,False,False
Pine Ridge Cabins,11077,Confirmed,Ridge,Lodge,2026-07-02,2026-07-05,2026-06-09,Vrbo,509.71,3.0,False,False
Pine Ridge Cabins,10062,Confirmed,Ridge,Lodge,2024-10-30,2024-11-02,2024-10-11,Airbnb,262.92,3.0,False,False
Pine Ridge Cabins,10123,Confirmed,Birch,Cabin,2024-12-23,2024-12-28,2024-12-16,Website,117.66,5.0,False,False
Pine Ridge Cabins,10147,Confirmed,Summit,Lodge,2025-01-07,2025-01-10,2024-12-25,Airbnb,188.12,3.0,False,False
Pine Ridge Cabins,10827,Confirmed,Ridge,Lodge,2026-02-16,2026-02-19,2026-02-09,Phone,174.79,3.0,False,False
Pine Ridge Cabins,10394,Cancelled,Cedar,Cabin,2025-06-20,2025-06-23,2025-05-22,Airbnb,521.3,3.0,False,False
Pine Ridge Cabins,10070,Confirmed,Ridge,Lodge,2024-11-02,2024-11-07,2024-10-26,Airbnb,263.22,5.0,False,False
Pine Ridge Cabins,11228,Confirmed,Birch,Cabin,2026-09-01,2026-09-02,2026-08-18,Phone,183.79,1.0,False,False
Pine Ridge Cabins,11011,Confirmed,Summit,Lodge,2026-06-04,2026-06-07,2026-04-25,Phone,402.84,3.0,False,False
Pine Ridge Cabins,11213,Confirmed,Ridge,Lodge,2026-08-25,2026-08-29,2026-07-22,Airbnb,317.68,4.0,False,False
Pine Ridge Cabins,11168,Confirmed,Aspen,Cabin,2026-08-09,2026-08-11,2026-06-25,Vrbo,326.68,2.0,False,False
Pine Ridge Cabins,10386,Confirmed,Cedar,Cabin,2025-06-17,2025-06-20,2025-05-21,Vrbo,223.92,3.0,False,False
Pine Ridge Cabins,10335,Confirmed,Summit,Lodge,2025-05-30,2025-05-31,2025-04-04,Vrbo,421.67,1.0,False,False
Pine Ridge Cabins,11162,Confirmed,Cedar,Cabin,2026-08-06,2026-08-07,2026-08-01,Airbnb,341.26,1.0,False,False
Pine Ridge Cabins,11092,Confirmed,Ridge,Lodge,2026-07-10,2026-07-12,2026-03-07,Website,548.49,2.0,False,False
Pine Ridge Cabins,10661,Confirmed,Cedar,Cabin,2025-10-17,2025-10-20,2025-10-08,Website,290.44,3.0,False,False
Pine Ridge Cabins,10969,Confirmed,Cedar,Cabin,2026-05-16,2026-05-18,2026-05-06,Airbnb,287.56,2.0,False,False
Pine Ridge Cabins,11282,Cancelled,Aspen,Cabin,2026-09-28,2026-09-30,2026-08-30,Vrbo,167.29,2.0,False,False
Pine Ridge Cabins,10251,Confirmed,Ridge,Lodge,2025-04-15,2025-04-18,2025-02-25,Website,258.95,3.0,False,False
Pine Ridge Cabins,11099,Confirmed,Aspen,Cabin,2026-07-13,2026-07-15,2026-04-05,Website,222.1,2.0,False,False
Pine Ridge Cabins,11324,Confirmed,Aspen,Cabin,2026-11-22,2026-11-24,2026-06-19,Website,133.19,2.0,False,False
Pine Ridge Cabins,10435,Confirmed,Ridge,Lodge,2025-07-06,2025-07-07,2025-06-26,Phone,433.47,1.0,False,False
Pine Ridge Cabins,10939,Confirmed,Summit,Lodge,2026-04-28,2026-04-30,2026-01-07,Airbnb,211.25,2.0,False,False
Pine Ridge Cabins,11211,Confirmed,Cedar,Cabin,2026-08-25,2026-08-27,2026-08-10,Vrbo,239.52,2.0,False,False
Pine Ridge Cabins,10022,Confirmed,Ridge,Lodge,2024-10-12,2024-10-15,2024-10-05,Airbnb,362.34,3.0,False,False
Pine Ridge Cabins,10163,Confirmed,Cedar,Cabin,2025-01-22,2025-01-24,2025-01-14,Airbnb,135.5,2.0,False,False
Pine Ridge Cabins,10134,Confirmed,Cedar,Cabin,2024-12-28,2024-12-30,2024-12-19,Website,204.53,2.0,False,False
Pine Ridge Cabins,11037,Confirmed,Summit,Lodge,2026-06-17,2026-06-18,2026-05-22,Website,373.68,1.0,False,False
Pine Ridge Cabins,10125,Confirmed,Ridge,Lodge,2024-12-23,2024-12-25,2024-12-15,Airbnb,189.61,2.0,False,False
Pine Ridge Cabins,11132,Confirmed,Aspen,Cabin,2026-07-24,2026-07-27,2026-07-04,Airbnb,434.82,3.0,False,False
Pine Ridge Cabins,10906,Confirmed,Ridge,Lodge,2026-04-10,2026-04-11,2026-04-08,Airbnb,429.38,1.0,False,False
Pine Ridge Cabins,10789,Cancelled,Cedar,Cabin,2026-01-22,2026-01-24,2026-01-17,Airbnb,175.67,2.0,False,False
Pine Ridge Cabins,10686,Confirmed,Cedar,Cabin,2025-10-27,2025-10-30,2025-10-05,Airbnb,143.59,3.0,False,False
Pine Ridge Cabins,10296,Confirmed,Birch,Cabin,2025-05-09,2025-05-11,2025-04-28,Vrbo,264.87,2.0,False,False
Pine Ridge Cabins,10005,Confirmed,Birch,Cabin,2024-10-03,2024-10-04,2024-08-05,Vrbo,196.19,1.0,False,False
Pine Ridge Cabins,10678,Confirmed,Birch,Cabin,2025-10-23,2025-10-25,2025-09-29,Airbnb,251.07,2.0,False,False
Pine Ridge Cabins,10620,Confirmed,Aspen,Cabin,2025-09-25,2025-09-27,2025-09-22,Airbnb,220.84,2.0,False,False
Pine Ridge Cabins,10885,Cancelled,Cedar,Cabin,2026-03-31,2026-04-02,2026-03-16,Website,114.2,2.0,False,False
Pine Ridge Cabins,10765,Confirmed,Ridge,Lodge,2026-01-01,2026-01-05,2025-12-24,Vrbo,210.87,4.0,False,False
Pine Ridge Cabins,10697,Confirmed,Ridge,Lodge,2025-11-03,2025-11-05,2025-10-26,Vrbo,191.48,2.0,False,False
Pine Ridge Cabins,10348,Confirmed,Cedar,Cabin,2025-06-04,2025-06-07,2025-05-06,Vrbo,247.82,3.0,False,False
Pine Ridge Cabins,10273,Confirmed,Summit,Lodge,2025-04-26,2025-04-28,2025-04-18,Vrbo,370.85,2.0,False,False
Pine Ridge Cabins,10068,Confirmed,Aspen,Cabin,2024-11-02,2024-11-04,2024-08-13,Vrbo,219.08,2.0,False,False
Pine Ridge Cabins,10803,Confirmed,Ridge,Lodge,2026-01-31,2026-02-02,2026-01-17,Website,327.97,2.0,False,False
Pine Ridge Cabins,10358,Confirmed,Birch,Cabin,2025-06-08,2025-06-11,2025-05-16,Airbnb,269.57,3.0,False,False
Pine Ridge Cabins,10259,Confirmed,Birch,Cabin,2025-04-20,2025-04-22,2025-04-14,Airbnb,202.22,2.0,False,False
Pine Ridge Cabins,10788,Confirmed,Aspen,Cabin,2026-01-21,2026-01-24,2026-01-17,Phone,123.2,3.0,False,False
Pine Ridge Cabins,10550,Confirmed,Birch,Cabin,2025-08-24,2025-08-25,2025-07-06,Vrbo,285.15,1.0,False,False
Pine Ridge Cabins,10438,Confirmed,Summit,Lodge,2025-07-07,2025-07-10,2025-05-24,Airbnb,391.29,3.0,False,False
Pine Ridge Cabins,10828,Confirmed,Aspen,Cabin,2026-02-17,2026-02-18,2025-12-02,Vrbo,108.48,1.0,False,False
Pine Ridge Cabins,11054,Confirmed,Ridge,Lodge,2026-06-22,2026-06-23,2026-05-29,Airbnb,321.0,1.0,False,False
Pine Ridge Cabins,10183,Confirmed,Summit,Lodge,2025-02-09,2025-02-10,2024-10-25,Airbnb,165.98,1.0,False,False
Pine Ridge Cabins,10223,Confirmed,Summit,Lodge,2025-03-28,2025-04-02,2025-03-13,Airbnb,317.38,5.0,False,False
Pine Ridge Cabins,10908,Confirmed,Aspen,Cabin,2026-04-12,2026-04-17,2026-04-06,Vrbo,175.42,5.0,False,False
Pine Ridge Cabins,10206,Confirmed,Birch,Cabin,2025-03-12,2025-03-15,2025-03-05,Phone,136.51,3.0,False,False
Pine Ridge Cabins,10863,Confirmed,Aspen,Cabin,2026-03-20,2026-03-22,2026-03-19,Airbnb,202.54,2.0,False,False
Pine Ridge Cabins,11218,Confirmed,Cedar,Cabin,2026-08-28,2026-08-31,2026-08-16,Airbnb,405.58,3.0,False,False
Pine Ridge Cabins,10901,Confirmed,Birch,Cabin,2026-04-07,2026-04-12,2026-03-25,Phone,159.51,5.0,False,False
Pine Ridge Cabins,10185,Confirmed,Aspen,Cabin,2025-02-14,2025-02-16,2025-02-07,Website,191.24,2.0,True,False
Pine Ridge Cabins,10454,Cancelled,Cedar,Cabin,2025-07-13,2025-07-15,2025-06-22,Website,243.81,2.0,False,False
Pine Ridge Cabins,10103,Confirmed,Summit,Lodge,2024-12-04,2024-12-07,2024-12-03,Airbnb,196.39,3.0,False,False
Pine Ridge Cabins,10236,Confirmed,Cedar,Cabin,2025-04-07,2025-04-09,2025-03-21,Website,189.18,2.0,False,False
Pine Ridge Cabins,10172,Confirmed,Cedar,Cabin,2025-01-29,2025-01-31,2024-12-14,Airbnb,140.04,2.0,False,False
Pine Ridge Cabins,10076,Confirmed,Aspen,Cabin,2024-11-10,2024-11-14,2024-11-02,Airbnb,134.13,4.0,False,False
Pine Ridge Cabins,11277,Confirmed,Aspen,Cabin,2026-09-26,2026-09-28,2026-08-23,Phone,269.04,2.0,False,False
Pine Ridge Cabins,11301,Confirmed,Birch,Cabin,2026-10-09,2026-10-10,2026-09-30,Vrbo,272.0,1.0,False,False
Pine Ridge Cabins,10702,Confirmed,Ridge,Lodge,2025-11-10,2025-11-11,2025-10-29,Vrbo,152.32,1.0,False,False
Pine Ridge Cabins,10410,Confirmed,Aspen,Cabin,2025-06-28,2025-06-30,2025-06-15,Website,494.87,2.0,False,False
Pine Ridge Cabins,10619,Confirmed,Ridge,Lodge,2025-09-24,2025-09-27,2025-08-18,Phone,209.93,3.0,False,False
Pine Ridge Cabins,10425,Confirmed,Cedar,Cabin,2025-07-03,2025-07-05,2025-07-02,Airbnb,269.18,2.0,False,False
Pine Ridge Cabins,10942,Confirmed,Birch,Cabin,2026-05-01,2026-05-03,2026-04-27,Website,304.22,2.0,False,False
Pine Ridge Cabins,11323,Confirmed,Cedar,Cabin,2026-11-15,2026-11-18,2026-06-07,Website,127.08,3.0,False,False
Pine Ridge Cabins,10748,Confirmed,Cedar,Cabin,2025-12-19,2025-12-24,2025-12-07,Website,209.27,5.0,False,False
Pine Ridge Cabins,10623,Confirmed,Cedar,Cabin,2025-09-26,2025-09-27,2025-09-10,Airbnb,278.99,1.0,False,False
Pine Ridge Cabins,10059,Cancelled,Cedar,Cabin,2024-10-29,2024-10-30,2024-10-26,Airbnb,155.77,1.0,False,False
Pine Ridge Cabins,10834,Confirmed,Birch,Cabin,2026-02-21,2026-02-25,2025-10-21,Website,199.81,4.0,False,False
Pine Ridge Cabins,10374,Confirmed,Ridge,Lodge,2025-06-12,2025-06-13,2025-04-23,Website,448.45,1.0,False,False
Pine Ridge Cabins,10455,Confirmed,Ridge,Lodge,2025-07-13,2025-07-15,2025-07-11,Website,359.67,2.0,True,False
Pine Ridge Cabins,10271,Confirmed,Birch,Cabin,2025-04-25,2025-04-26,2024-12-02,Vrbo,278.61,1.0,False,False
Pine Ridge Cabins,10139,Confirmed,Cedar,Cabin,2025-01-02,2025-01-05,2024-12-29,Phone,151.5,3.0,False,False
Pine Ridge Cabins,10950,Confirmed,Aspen,Cabin,2026-05-05,2026-05-07,2026-04-24,Website,160.76,2.0,False,False
Pine Ridge Cabins,11317,Confirmed,Cedar,Cabin,2026-10-28,2026-10-30,2026-09-28,Airbnb,195.68,2.0,False,False
Pine Ridge Cabins,10168,Confirmed,Birch,Cabin,2025-01-27,2025-01-29,2024-09-28,Website,133.76,2.0,False,False
Pine Ridge Cabins,10415,Confirmed,Cedar,Cabin,2025-06-29,2025-07-02,2025-05-18,Website,278.72,3.0,False,False
Pine Ridge Cabins,10020,Confirmed,Aspen,Cabin,2024-10-12,2024-10-15,2024-09-15,Website,255.52,3.0,False,False
Pine Ridge Cabins,10796,Confirmed,Summit,Lodge,2026-01-27,2026-01-29,2026-01-21,Phone,156.24,2.0,False,False
Pine Ridge Cabins,10239,Confirmed,Cedar,Cabin,2025-04-09,2025-04-11,2025-03-16,Phone,168.83,2.0,False,False
Pine Ridge Cabins,10056,Confirmed,Ridge,Lodge,2024-10-27,2024-10-28,2024-10-08,Website,277.13,1.0,False,False
Pine Ridge Cabins,10047,Confirmed,Summit,Lodge,2024-10-24,2024-10-27,2024-09-22,Airbnb,352.56,3.0,False,False
Pine Ridge Cabins,10243,Confirmed,Aspen,Cabin,2025-04-12,2025-04-13,2024-11-21,Website,258.06,1.0,False,False
Pine Ridge Cabins,11164,Confirmed,Ridge,Lodge,2026-08-07,2026-08-08,2026-07-11,Airbnb,578.53,1.0,False,False
Pine Ridge Cabins,11256,Confirmed,Cedar,Cabin,2026-09-14,2026-09-16,2026-08-14,Airbnb,183.08,2.0,False,False
Pine Ridge Cabins,10960,Confirmed,Ridge,Lodge,2026-05-10,2026-05-11,2026-04-27,Vrbo,296.51,1.0,False,False
Pine Ridge Cabins,10189,Confirmed,Aspen,Cabin,2025-02-23,2025-02-25,2025-02-10,Airbnb,129.09,2.0,False,False
Pine Ridge Cabins,10285,Confirmed,Aspen,Cabin,2025-05-03,2025-05-08,2025-02-25,Vrbo,289.03,5.0,False,False
Pine Ridge Cabins,10319,Confirmed,Ridge,Lodge,2025-05-19,2025-05-21,2025-05-11,Vrbo,247.15,2.0,False,False
Pine Ridge Cabins,10170,Confirmed,Ridge,Lodge,2025-01-27,2025-01-30,2024-10-28,Website,138.46,3.0,False,False
Pine Ridge Cabins,10954,Confirmed,Cedar,Cabin,2026-05-08,2026-05-13,2026-04-08,Airbnb,260.15,5.0,False,False
Pine Ridge Cabins,11269,Confirmed,Birch,Cabin,2026-09-21,2026-09-22,2026-08-31,Phone,182.81,1.0,False,False
Pine Ridge Cabins,10798,Confirmed,Cedar,Cabin,2026-01-30,,2025-12-05,Vrbo,,,False,True
Pine Ridge Cabins,10389,Confirmed,Summit,Lodge,2025-06-18,2025-06-22,2025-06-08,Airbnb,374.37,4.0,False,False
Pine Ridge Cabins,10677,Confirmed,Aspen,Cabin,2025-10-23,2025-10-25,2025-10-14,Vrbo,238.01,2.0,False,False
Pine Ridge Cabins,10982,Confirmed,Cedar,Cabin,2026-05-23,2026-05-25,2026-04-21,Airbnb,262.82,2.0,False,False
Pine Ridge Cabins,10164,Cancelled,Cedar,Cabin,2025-01-23,2025-01-25,2025-01-20,Airbnb,173.2,2.0,False,False
Pine Ridge Cabins,10093,Confirmed,Summit,Lodge,2024-11-21,2024-11-25,2024-10-27,Airbnb,229.48,4.0,False,False
Pine Ridge Cabins,10094,Confirmed,Aspen,Cabin,2024-11-22,2024-11-23,2024-11-20,Airbnb,226.53,1.0,False,False
Pine Ridge Cabins,11040,Confirmed,Summit,Lodge,2026-06-18,2026-06-20,2026-05-11,Airbnb,456.98,2.0,False,False
Pine Ridge Cabins,11057,Cancelled,Birch,Cabin,2026-06-24,2026-06-26,2026-05-21,Website,246.92,2.0,False,False
Pine Ridge Cabins,10339,Confirmed,Cedar,Cabin,2025-05-31,2025-06-01,2025-05-11,Airbnb,255.14,1.0,False,False
Pine Ridge Cabins,11062,Confirmed,Summit,Lodge,2026-06-27,2026-06-29,2026-03-29,Vrbo,579.63,2.0,False,False
Pine Ridge Cabins,11327,Confirmed,Aspen,Cabin,2026-12-01,2026-12-02,2026-09-04,Airbnb,113.01,1.0,False,False
Pine Ridge Cabins,10768,Confirmed,Summit,Lodge,2026-01-03,2026-01-05,2025-08-19,Airbnb,214.87,2.0,False,False
Pine Ridge Cabins,10831,Confirmed,Summit,Lodge,2026-02-19,2026-02-21,2026-02-18,Airbnb,239.89,2.0,False,False
Pine Ridge Cabins,10707,Confirmed,Summit,Lodge,2025-11-14,2025-11-15,2025-10-29,Airbnb,213.2,1.0,False,False
Pine Ridge Cabins,10081,Confirmed,Ridge,Lodge,2024-11-12,2024-11-17,2024-11-08,Airbnb,159.71,5.0,False,False
Pine Ridge Cabins,10340,Confirmed,Summit,Lodge,2025-05-31,2025-06-01,2025-03-06,Airbnb,351.59,1.0,False,False
Pine Ridge Cabins,10555,Confirmed,Cedar,Cabin,2025-08-26,2025-08-29,2025-07-22,Vrbo,209.3,3.0,False,False
Pine Ridge Cabins,11201,Confirmed,Summit,Lodge,2026-08-21,2026-08-22,2026-08-11,Airbnb,718.93,1.0,False,False
Pine Ridge Cabins,10817,Confirmed,Aspen,Cabin,2026-02-10,2026-02-11,2026-01-30,Phone,121.56,1.0,False,False
Pine Ridge Cabins,10694,Confirmed,Birch,Cabin,2025-11-03,2025-11-05,2025-10-25,Airbnb,125.9,2.0,False,False
Pine Ridge Cabins,11232,Confirmed,Cedar,Cabin,2026-09-02,2026-09-04,2026-08-27,Vrbo,153.41,2.0,False,False
Pine Ridge Cabins,10985,Confirmed,Birch,Cabin,2026-05-24,2026-05-27,2026-05-22,Airbnb,181.94,3.0,False,False
Pine Ridge Cabins,11322,Confirmed,Birch,Cabin,2026-11-13,2026-11-16,2026-05-31,Website,205.08,3.0,False,False
Pine Ridge Cabins,11286,Confirmed,Birch,Cabin,2026-10-01,2026-10-04,2026-09-09,Airbnb,233.07,3.0,False,False
Pine Ridge Cabins,11093,Confirmed,Aspen,Cabin,2026-07-11,2026-07-12,2026-07-04,Website,429.93,1.0,False,False
Pine Ridge Cabins,10527,Confirmed,Aspen,Cabin,2025-08-14,2025-08-17,2025-07-31,Vrbo,280.47,3.0,False,False
Pine Ridge Cabins,10690,Confirmed,Birch,Cabin,2025-10-31,2025-11-03,2025-07-16,Airbnb,259.6,3.0,False,False
Pine Ridge Cabins,10504,Confirmed,Ridge,Lodge,2025-08-02,2025-08-04,2025-06-15,Phone,620.94,2.0,False,False
Pine Ridge Cabins,10818,Confirmed,Ridge,Lodge,2026-02-10,2026-02-12,2025-12-10,Website,158.97,2.0,False,False
Pine Ridge Cabins,10695,Confirmed,Cedar,Cabin,2025-11-03,2025-11-05,2025-10-23,Vrbo,124.86,2.0,False,False
Pine Ridge Cabins,10889,Confirmed,Aspen,Cabin,2026-04-02,2026-04-03,2026-03-14,Vrbo,228.22,1.0,False,False
Pine Ridge Cabins,10773,Confirmed,Summit,Lodge,2026-01-06,2026-01-08,2026-01-02,Airbnb,136.1,2.0,False,False
Pine Ridge Cabins,10714,Confirmed,Aspen,Cabin,2025-11-21,2025-11-23,2025-11-06,Vrbo,193.32,2.0,False,False
Pine Ridge Cabins,11104,Confirmed,Summit,Lodge,2026-07-14,2026-07-15,2026-07-01,Airbnb,369.13,1.0,False,False
Pine Ridge Cabins,10431,Confirmed,Aspen,Cabin,2025-07-06,2025-07-07,2025-01-15,Airbnb,280.16,1.0,False,False
Pine Ridge Cabins,11098,Confirmed,Ridge,Lodge,2026-07-12,2026-07-13,2026-04-14,Airbnb,429.27,1.0,False,False
Pine Ridge Cabins,10031,Confirmed,Cedar,Cabin,2024-10-17,2024-10-20,2024-05-31,Vrbo,227.35,3.0,False,False
Pine Ridge Cabins,10896,Confirmed,Summit,Lodge,2026-04-05,2026-04-06,2026-03-17,Phone,265.22,1.0,False,False
Pine Ridge Cabins,11041,Confirmed,Aspen,Cabin,2026-06-19,2026-06-21,2026-04-23,Website,401.01,2.0,False,False
Pine Ridge Cabins,11029,Cancelled,Aspen,Cabin,2026-06-13,2026-06-17,2026-05-20,Website,404.8,4.0,False,False
Pine Ridge Cabins,10039,Confirmed,Cedar,Cabin,2024-10-20,2024-10-24,2024-10-05,Vrbo,210.9,4.0,False,False
Pine Ridge Cabins,11221,Confirmed,Birch,Cabin,2026-08-29,2026-08-31,2026-07-09,Airbnb,463.81,2.0,False,False
Pine Ridge Cabins,10629,Confirmed,Cedar,Cabin,2025-09-30,2025-10-02,2025-09-21,Website,156.21,2.0,False,False
